ID,GROUP,Z,NH,isCOSMOS
197038,RED,0.518,22.122609016125892,1
204337,RED,0.623,22.499687081650922,1
255123,RED,0.775,22.064457961046887,1
333394,RED,0.672,22.56466606421219,1
378815,RED,0.66,22.89209462314826,1
379110,RED,2.8422,21.301030126610634,1
484342,RED,1.5765,21.99611746046571,1
492525,RED,0.37,22.08990508908536,1
543297,RED,2.5232,21.819579897950508,1
809278,RED,0.736,22.963315486004035,1
847062,RED,0.419,21.76319576800912,1
880811,RED,0.71,23.02530586301267,1
1043926,RED,0.934,22.625312435767093,1
100728,GRN,2.649,23.5646660535534,1
110707,GRN,1.5,22.71683772643067,1
123228,GRN,1.029,22.045349873240905,1
145252,GRN,1.47,22.43028470607612,1
150058,GRN,1.106,22.313403174278175,1
150214,GRN,0.851,20.954242874684983,1
155074,GRN,1.663,22.350364338798638,1
161349,GRN,0.977,22.235301134259682,1
164133,GRN,1.031,21.78189889543376,1
166981,GRN,2.455,22.755951043516287,1
167507,GRN,2.735,23.51982796877943,1
167601,GRN,0.285,23.268109753512277,1
169542,GRN,0.481,21.11394365486381,1
172708,GRN,2.43,23.40823997401549,1
174129,GRN,0.504,22.1367209115821,1
177697,GRN,1.813,23.403120513089164,1
178236,GRN,2.203,22.82981817583802,1
179631,GRN,1.171,22.351603048685117,1
191981,GRN,1.747,22.530686227929692,1
192185,GRN,2.275,23.20112390062203,1
192643,GRN,0.599,22.17420520408037,1
193212,GRN,1.361,22.2174850725511,1
200240,GRN,1.822,23.16196660780889,1
201389,GRN,1.239,22.798650625240086,1
201555,GRN,3.343,23.086359801803688,1
202984,GRN,1.757,23.008174160169908,1
205954,GRN,1.166,22.773054658004753,1
206533,GRN,1.982,23.90579587316473,1
208739,GRN,0.772,23.26717172934257,1
210704,GRN,1.668,22.988112798874965,1
212499,GRN,2.841,23.752048441648377,1
213360,GRN,2.255,22.6756683905902,1
215142,GRN,1.285,21.869232129028138,1
217425,GRN,2.408,23.145227468095975,1
220551,GRN,1.941,22.826851922102456,1
223951,GRN,1.592,22.128518804464974,1
228670,GRN,2.389,22.41995581471269,1
229549,GRN,1.273,23.761927819312824,1
229938,GRN,1.617,22.701395240397943,1
231837,GRN,2.497,22.290034932726098,1
233605,GRN,0.748,21.46239822263548,1
235265,GRN,0.521,21.230449442423712,1
238668,GRN,2.463,22.973127835643957,1
240362,GRN,0.893,22.889525779874692,1
242550,GRN,0.694,23.04921799208142,1
244448,GRN,1.518,22.430381462145778,1
249669,GRN,1.317,22.442197446396566,1
253494,GRN,1.562,22.096910277199548,1
254070,GRN,1.233,23.329601251909473,1
254973,GRN,1.79,22.110589990259136,1
255148,GRN,2.101,22.657247088729317,1
255653,GRN,2.026,22.184237030081825,1
261602,GRN,0.878,22.551083832348443,1
262286,GRN,1.11,24.756878631616775,1
262516,GRN,0.865,22.791199248949994,1
263032,GRN,2.055,22.289254384454324,1
264041,GRN,1.662,23.761927819312824,1
264232,GRN,2.218,22.245512996016494,1
264418,GRN,2.276,22.49306748615517,1
266013,GRN,1.71,22.060698528037012,1
266042,GRN,2.147,22.24797351419899,1
274335,GRN,1.711,22.967079757848296,1
277467,GRN,2.581,23.47712124508685,1
278421,GRN,1.73,23.287801716264653,1
279993,GRN,1.969,23.95279241989232,1
280322,GRN,1.752,23.47856648206225,1
280712,GRN,0.369,20.903090301303045,1
280768,GRN,1.659,23.1702617216207,1
280813,GRN,2.22,22.66879580545938,1
284147,GRN,1.772,22.718003162228488,1
284733,GRN,3.419,23.935003140457855,1
285283,GRN,2.498,23.272537751243206,1
285627,GRN,1.571,22.468184782643075,1
287239,GRN,1.35,22.030599701760767,1
289874,GRN,2.828,23.326868161355232,1
289891,GRN,1.625,21.690196303904777,1
293576,GRN,0.58,23.666424354706546,1
295934,GRN,2.766,22.624283588657132,1
295961,GRN,1.427,23.516535345805593,1
303691,GRN,3.176,23.603577366120014,1
305868,GRN,1.676,22.330413997691764,1
306476,GRN,1.9,22.619197715279153,1
307901,GRN,1.122,23.27415783130794,1
309585,GRN,2.612,23.984414761695902,1
310180,GRN,1.966,22.012839706449412,1
310591,GRN,0.885,21.62324948101077,1
311451,GRN,1.161,21.322219339819412,1
312003,GRN,1.44,23.12024477494041,1
314431,GRN,2.204,22.45178651712019,1
314830,GRN,1.593,22.476744703754218,1
316110,GRN,1.762,22.87227284729996,1
317570,GRN,0.785,23.14395112392097,1
317720,GRN,0.35,21.61278397350409,1
327470,GRN,1.115,21.85733340497848,1
328627,GRN,1.246,21.91291255067379,1
329628,GRN,2.298,22.910624432740246,1
331013,GRN,1.165,22.885361177800558,1
333072,GRN,1.867,22.579326193298044,1
333082,GRN,2.113,22.8432950712519,1
333229,GRN,2.212,22.209515032678606,1
334369,GRN,2.028,23.64058080285293,1
336989,GRN,1.679,21.75587519947202,1
339381,GRN,0.957,22.09992224117978,1
339687,GRN,2.309,22.606382089419494,1
342325,GRN,1.441,21.92941912317551,1
342369,GRN,2.402,22.77292280516103,1
344843,GRN,1.214,22.444357132052783,1
345932,GRN,2.279,22.45484522096494,1
348345,GRN,0.735,22.189026881515577,1
350733,GRN,2.231,22.743274531470462,1
352454,GRN,1.507,21.94556705241176,1
353591,GRN,2.085,22.110589838639946,1
358432,GRN,0.816,22.584048403062123,1
361705,GRN,1.351,22.001733696552662,1
367739,GRN,1.824,22.51851400136829,1
368267,GRN,0.973,22.319730508302964,1
368360,GRN,1.661,21.785330126777062,1
371168,GRN,2.251,23.298416346029068,1
373275,GRN,2.853,22.772321917788283,1
374747,GRN,3.26,23.52244420155406,1
379813,GRN,2.935,23.05880549924969,1
381137,GRN,2.021,21.897627709274566,1
381564,GRN,1.804,21.79934081768103,1
381621,GRN,1.376,23.243038027876977,1
383898,GRN,3.33,23.34537373063949,1
386177,GRN,1.147,21.724276134899387,1
386536,GRN,0.831,22.334574350571096,1
386731,GRN,3.571,23.843232728617824,1
388484,GRN,0.755,22.13245183285407,1
388646,GRN,1.342,22.52994338925482,1
390895,GRN,1.641,22.98677172060067,1
391416,GRN,2.531,22.702430571829193,1
391905,GRN,1.124,23.18864725799132,1
393765,GRN,1.673,23.034628443741724,1
393849,GRN,1.574,22.823735003889578,1
393866,GRN,1.784,22.035429744775698,1
397321,GRN,1.636,22.243038989055435,1
397900,GRN,0.444,21.9486574178857,1
398904,GRN,1.26,21.579783822462616,1
399685,GRN,2.162,23.139879093776152,1
400930,GRN,1.56,21.491362151090726,1
401148,GRN,0.971,21.27875369812181,1
403419,GRN,0.971,22.149191413139466,1
404028,GRN,2.507,22.498311295465694,1
407347,GRN,2.234,22.44715803568004,1
408043,GRN,2.279,22.164353092647094,1
408440,GRN,1.666,22.386231353726096,1
408968,GRN,0.771,22.429752289274095,1
411160,GRN,1.493,22.204391316666822,1
412346,GRN,1.141,21.65970709243324,1
413642,GRN,1.009,22.789721708090475,1
414248,GRN,0.714,22.412779611726133,1
415440,GRN,1.361,22.482444814357645,1
419216,GRN,2.22,23.102090517425182,1
419317,GRN,0.528,21.578719391327112,1
419634,GRN,3.567,23.80297882606044,1
420086,GRN,2.406,22.52275839271441,1
420622,GRN,1.764,21.97772396624528,1
422734,GRN,2.177,22.187520890281718,1
424136,GRN,0.969,23.322632712108696,1
427683,GRN,2.15,22.756636110259308,1
428262,GRN,2.335,22.76797171154858,1
428823,GRN,2.403,23.143014770921685,1
429443,GRN,2.179,22.839478041704112,1
432314,GRN,1.187,22.66735955952113,1
434653,GRN,1.862,22.03342389435676,1
437094,GRN,1.57,22.22788675400471,1
438137,GRN,1.173,22.939768756159054,1
438627,GRN,1.067,21.79934136098271,1
442236,GRN,1.537,22.632254792230317,1
443935,GRN,2.79,23.378397896225508,1
445486,GRN,2.911,22.91650653135267,1
447171,GRN,1.784,22.053078783487173,1
447224,GRN,2.071,22.56971327163717,1
447837,GRN,2.439,23.089905104986894,1
448160,GRN,0.865,22.52035249185367,1
448282,GRN,2.347,22.29885325941713,1
448517,GRN,1.541,21.93449871225106,1
448782,GRN,2.497,23.95525466958824,1
448996,GRN,1.592,23.333245699862253,1
449276,GRN,1.679,22.07188265571327,1
449364,GRN,2.503,22.77334754671888,1
452169,GRN,1.334,21.681241704490336,1
452901,GRN,1.786,23.16731732245429,1
454474,GRN,1.597,21.799340778873745,1
454916,GRN,1.697,22.276462059464933,1
455313,GRN,2.444,23.089905104986894,1
455603,GRN,2.231,22.417886650455035,1
456808,GRN,1.0,22.352375490059757,1
457171,GRN,1.332,22.096910277199548,1
459682,GRN,1.991,23.659916198140756,1
460965,GRN,1.518,22.064458298268928,1
461606,GRN,1.241,21.230450161498897,1
462238,GRN,2.218,23.43616263884083,1
462290,GRN,1.784,22.489255164442444,1
464309,GRN,1.806,22.608097889627693,1
465316,GRN,1.923,21.68124129701382,1
468408,GRN,1.268,23.19534603274917,1
468485,GRN,1.481,22.110084425245976,1
468771,GRN,1.776,23.40820601968753,1
469339,GRN,0.967,20.903090683312065,1
471626,GRN,2.283,21.886491053374826,1
471767,GRN,2.671,22.00432190443949,1
473114,GRN,2.498,21.707570469435986,1
477125,GRN,1.947,22.568202787528445,1
481172,GRN,1.753,22.038977589563213,1
481664,GRN,1.95,23.257918472433385,1
485277,GRN,1.48,22.582631432413542,1
485406,GRN,1.85,21.903090729153128,1
486220,GRN,3.499,22.828660292009197,1
490038,GRN,1.178,21.544068607513008,1
490692,GRN,1.429,21.892095312723743,1
491819,GRN,2.198,22.376577277787938,1
492534,GRN,0.55,22.97201759538282,1
494577,GRN,0.669,20.95424368963706,1
495324,GRN,1.356,23.112269763315474,1
496985,GRN,1.808,23.02036127152185,1
496988,GRN,1.247,23.07918123641481,1
497397,GRN,0.84,22.15198240319196,1
498351,GRN,1.471,23.195899615369065,1
498569,GRN,2.016,22.750662640946445,1
499247,GRN,1.195,22.40754385359383,1
500252,GRN,2.206,22.717920036500786,1
500438,GRN,1.01,22.012837665116376,1
502241,GRN,0.904,22.02645148847803,1
502297,GRN,1.883,23.301029986031168,1
502321,GRN,2.018,22.382719257043977,1
502554,GRN,2.325,22.970347837420515,1
503415,GRN,1.725,22.08635984188337,1
505102,GRN,1.091,21.556302764143826,1
505480,GRN,1.984,22.434569209356848,1
506033,GRN,0.619,22.85684965190491,1
506854,GRN,0.552,21.146128415476625,1
508514,GRN,2.668,22.155336297279746,1
510152,GRN,1.226,22.213384916839193,1
510223,GRN,1.379,23.06595298009083,1
510871,GRN,3.01,22.56229312811211,1
512384,GRN,3.148,23.585460704635,1
512778,GRN,1.452,23.158362477029414,1
512840,GRN,2.029,21.939519603813366,1
513984,GRN,3.32,23.090963904837466,1
514705,GRN,2.802,22.879611891394276,1
516101,GRN,2.902,23.78376067362535,1
516147,GRN,2.404,22.6586790437577,1
516177,GRN,1.234,22.288472783115232,1
516922,GRN,1.236,21.46876071355822,1
517617,GRN,2.047,22.89209462314826,1
519447,GRN,1.129,23.763577725216695,1
521908,GRN,1.921,21.477121579217677,1
526106,GRN,2.269,22.833465865174755,1
528135,GRN,1.923,23.665580973781253,1
529336,GRN,2.323,22.425256954185738,1
529584,GRN,2.182,23.678518360386434,1
529855,GRN,0.36,21.16554109127097,1
530363,GRN,1.053,22.56419244907271,1
530790,GRN,2.288,22.329011218673077,1
532786,GRN,2.214,23.984527305737807,1
533666,GRN,0.899,21.591064940927815,1
534026,GRN,1.914,22.24360844844679,1
534119,GRN,1.213,22.839540874676022,1
534850,GRN,1.845,22.803525385759233,1
536673,GRN,1.727,23.307496010937548,1
537774,GRN,2.164,22.84317045000368,1
538906,GRN,2.194,22.989360802780446,1
539583,GRN,0.985,21.913814326952302,1
543535,GRN,0.961,22.056866719077156,1
547352,GRN,1.297,22.294025111495117,1
549557,GRN,2.159,23.31428868432386,1
549676,GRN,0.838,21.740362973244608,1
551947,GRN,1.478,23.797267543051774,1
553928,GRN,1.826,22.603036045934687,1
556169,GRN,1.298,22.448397103019303,1
556928,GRN,1.53,22.225309472338733,1
558647,GRN,3.328,23.467312045478838,1
565978,GRN,1.527,22.163012213176795,1
567121,GRN,1.817,21.54406822332096,1
567452,GRN,1.156,21.000000436554025,1
568506,GRN,1.927,22.54007906631258,1
569318,GRN,2.415,22.78153996020223,1
569893,GRN,1.214,22.033424120732608,1
570129,GRN,3.086,22.96651718650385,1
570880,GRN,1.565,22.733197260535206,1
571990,GRN,2.592,22.896305730216184,1
572384,GRN,1.47,23.072617471545662,1
572704,GRN,0.879,22.215108585007805,1
575696,GRN,1.18,22.72255163628829,1
576870,GRN,0.979,21.632781110272017,1
577692,GRN,1.976,23.342422671189393,1
577999,GRN,0.66,23.028571256245492,1
579415,GRN,2.592,23.961421099396716,1
580231,GRN,2.435,22.947237603185,1
580861,GRN,0.838,22.18853479883693,1
580884,GRN,1.657,22.201397189724865,1
581105,GRN,2.091,23.077367900561526,1
585366,GRN,0.827,21.864154958563432,1
585642,GRN,2.887,23.48883261383418,1
586341,GRN,1.26,22.931813695195917,1
586685,GRN,1.515,22.071071573762687,1
587486,GRN,1.55,22.789580691101097,1
592667,GRN,1.204,22.359171172218026,1
592797,GRN,3.497,22.831869754853845,1
593404,GRN,0.686,21.278753987644613,1
594434,GRN,0.948,22.437750550332265,1
595487,GRN,1.841,21.690196303904777,1
599948,GRN,1.258,21.878923727384773,1
600384,GRN,3.233,23.999565487599263,1
605445,GRN,3.09,23.017450703719568,1
606414,GRN,2.022,22.06069797528645,1
609017,GRN,1.024,21.35433896757046,1
613328,GRN,2.146,22.525542323888672,1
613543,GRN,2.611,22.396948641185446,1
616159,GRN,1.64,22.933993173780085,1
616983,GRN,0.936,22.071145257905485,1
617775,GRN,1.406,21.838851280764793,1
619550,GRN,1.729,22.731185672213243,1
620323,GRN,1.72,22.868644430350017,1
623618,GRN,1.271,21.518514156950275,1
624239,GRN,2.483,22.478566813458517,1
624526,GRN,0.882,21.146128240843844,1
625004,GRN,2.485,23.702430533021882,1
629776,GRN,1.43,23.618466488028066,1
630435,GRN,2.174,22.852480134541505,1
630484,GRN,1.433,22.437751371233606,1
630503,GRN,0.697,23.18184358860611,1
631272,GRN,2.454,23.888179494912592,1
631339,GRN,2.45,23.280578343513604,1
633300,GRN,2.213,22.264581725561207,1
635245,GRN,2.946,23.63447723057696,1
635784,GRN,2.2,24.34433331966188,1
635862,GRN,0.55,22.187238623670023,1
636324,GRN,2.71,23.475671182616477,1
640145,GRN,2.944,23.136086098045435,1
640360,GRN,1.638,22.02530622282219,1
640443,GRN,1.064,23.285107031296008,1
641847,GRN,1.433,22.309630556640755,1
643223,GRN,2.104,23.367355913072082,1
643480,GRN,0.85,21.113944313094546,1
643581,GRN,1.368,23.340444110565905,1
644795,GRN,1.841,22.338457311186236,1
648762,GRN,2.937,22.498034713557164,1
652010,GRN,2.076,22.41664311604028,1
654576,GRN,1.099,22.014058234956682,1
656621,GRN,3.345,23.1242106634296,1
657703,GRN,2.748,23.356962317804516,1
661442,GRN,1.796,21.653212824690808,1
662715,GRN,1.633,22.872738813644922,1
663103,GRN,1.598,22.429590771205913,1
663735,GRN,3.178,24.477105321254598,1
665479,GRN,2.15,23.214578920786842,1
665603,GRN,1.082,22.735279422020632,1
666394,GRN,0.518,21.725339821075856,1
666872,GRN,0.838,22.000867684180232,1
672158,GRN,1.113,22.576226129166038,1
673312,GRN,0.751,24.243774453491117,1
674119,GRN,0.346,20.746011121611186,1
675269,GRN,1.295,21.76519150839825,1
676097,GRN,0.894,23.286680978927226,1
676685,GRN,1.264,22.20924683018074,1
677305,GRN,2.152,23.684845374641714,1
677692,GRN,0.731,22.03992941343184,1
678533,GRN,1.454,21.602062047597475,1
678793,GRN,2.45,23.244722320618727,1
679413,GRN,2.459,22.994625021521387,1
680726,GRN,2.179,22.59106462748428,1
681237,GRN,1.202,22.225825990899196,1
681303,GRN,2.255,23.5140161805892,1
683219,GRN,1.137,22.646207607521017,1
684158,GRN,1.09,22.443732197410483,1
684508,GRN,2.42,22.97405207001368,1
688136,GRN,1.708,21.698970190292012,1
688457,GRN,2.044,22.432385575361064,1
689518,GRN,0.792,21.39794024352522,1
689768,GRN,1.964,22.45788393021615,1
690971,GRN,3.015,22.540330134781623,1
692655,GRN,0.731,22.373390213207692,1
694697,GRN,5.496,23.89042097342342,1
695445,GRN,1.376,21.857333031458733,1
695834,GRN,2.663,23.999565487599263,1
698041,GRN,2.646,23.783403253518635,1
698738,GRN,1.185,21.672098292539058,1
698983,GRN,1.097,23.344785134928436,1
701418,GRN,2.501,22.25285388565226,1
703122,GRN,1.936,22.089905486623504,1
706615,GRN,0.909,21.892928960458985,1
707749,GRN,0.93,21.857332827720555,1
709134,GRN,0.667,22.095064658513717,1
709137,GRN,2.42,23.29156862586817,1
709713,GRN,2.735,22.54282591946823,1
709816,GRN,3.367,23.188844119668534,1
711091,GRN,3.717,23.820201424405564,1
711692,GRN,0.931,23.15896525997393,1
711809,GRN,2.508,23.151369843099193,1
713253,GRN,1.52,23.051152521507408,1
714401,GRN,1.288,23.21192110661347,1
714907,GRN,1.581,22.557747734607844,1
717817,GRN,1.131,21.447158585773316,1
719096,GRN,1.846,21.98677215412214,1
719155,GRN,1.845,23.39932750942422,1
719811,GRN,1.189,22.135228055695165,1
720578,GRN,1.847,23.83418471543115,1
720608,GRN,3.095,23.295786921116505,1
722533,GRN,1.854,22.31854331712319,1
724890,GRN,2.89,23.054995988033042,1
725161,GRN,0.355,21.79906469368836,1
725672,GRN,1.752,22.97173955996354,1
725685,GRN,2.836,23.25803833640366,1
726941,GRN,0.741,21.845098358691178,1
726986,GRN,1.802,21.431363903028796,1
729557,GRN,1.951,22.868644430350017,1
729570,GRN,0.376,22.07518183774794,1
733581,GRN,0.986,21.73620518794641,1
733937,GRN,1.161,22.33280187511157,1
734723,GRN,1.369,22.301029986031168,1
734769,GRN,1.844,22.482387589421627,1
734950,GRN,1.835,22.858236328778652,1
735335,GRN,0.668,21.633064273712268,1
736288,GRN,2.372,23.129689881405724,1
737008,GRN,3.034,23.79761373766351,1
737473,GRN,0.618,22.52244421330114,1
738308,GRN,2.02,22.18752136655281,1
748454,GRN,2.097,22.77188132233098,1
750623,GRN,2.031,22.78618336947165,1
751736,GRN,3.715,22.82930386461464,1
752983,GRN,3.029,23.05766610592329,1
753049,GRN,0.993,22.605305066598888,1
754369,GRN,1.168,22.45178675901441,1
754797,GRN,1.488,22.35024835447436,1
754804,GRN,1.78,22.8959747222292,1
755017,GRN,0.702,23.187999863000382,1
757535,GRN,2.03,21.54406825824752,1
759628,GRN,2.308,23.033463970098328,1
761839,GRN,1.991,22.861295366773803,1
763569,GRN,2.045,23.41697318154068,1
763929,GRN,2.005,23.092720643266652,1
764269,GRN,1.4,22.992553504617838,1
767177,GRN,1.042,21.95317958189084,1
770406,GRN,1.786,22.976294911439947,1
772453,GRN,3.326,23.39619932646596,1
775204,GRN,3.075,23.57622611878722,1
776222,GRN,1.533,22.85570081689438,1
776400,GRN,1.173,22.821316942010338,1
777034,GRN,0.688,22.853819854517614,1
778213,GRN,0.367,21.23044962219262,1
778366,GRN,1.258,22.30341202147657,1
779091,GRN,1.582,23.08278564194355,1
780589,GRN,3.333,22.737194633375275,1
782363,GRN,0.345,21.187323295917214,1
782462,GRN,2.041,22.630641384011877,1
782508,GRN,2.003,22.625209484503063,1
783183,GRN,1.493,22.692318030495425,1
785300,GRN,1.719,23.474216236065967,1
786952,GRN,1.315,23.102433690486755,1
788577,GRN,2.914,23.290613269372137,1
793328,GRN,3.1,22.97025388618571,1
793517,GRN,1.224,22.50933697707846,1
795729,GRN,1.5,21.755875113687498,1
797081,GRN,1.16,21.397940292422405,1
804744,GRN,1.494,21.89209481121441,1
805709,GRN,2.034,22.860038372885356,1
806263,GRN,2.779,22.32014673129227,1
807633,GRN,1.319,23.5021538470503,1
810108,GRN,1.935,22.03742673234521,1
811548,GRN,3.246,23.27334854671284,1
812877,GRN,1.319,21.23044926265473,1
813703,GRN,1.908,23.35218251717139,1
821027,GRN,1.596,21.832509146121268,1
821742,GRN,2.653,21.875061775328845,1
824313,GRN,0.95,21.643452893558575,1
825866,GRN,1.001,21.84510806816469,1
826133,GRN,1.318,22.627979947215156,1
830656,GRN,1.541,21.75587498501068,1
831683,GRN,1.238,22.969182839310825,1
833026,GRN,1.836,22.353435336977828,1
834538,GRN,1.143,21.89209496793614,1
834892,GRN,0.704,22.84041978081342,1
834991,GRN,1.475,22.673849939774794,1
837822,GRN,0.376,21.265289619466596,1
839943,GRN,0.893,21.591064721517363,1
841354,GRN,0.972,23.75841148548848,1
842595,GRN,2.42,23.367355913072082,1
842703,GRN,1.555,22.769377333740298,1
843629,GRN,1.32,22.6110857494519,1
844144,GRN,1.545,21.785330367254925,1
844601,GRN,1.778,23.855228294515843,1
844866,GRN,1.402,21.724276042640543,1
845164,GRN,1.677,23.075546928749265,1
847794,GRN,2.417,23.320562060244054,1
848845,GRN,2.657,22.815644130947188,1
851874,GRN,1.006,22.06449539109489,1
852753,GRN,0.698,20.77815120815269,1
854904,GRN,1.73,23.368100828333365,1
854964,GRN,0.657,21.00000065047906,1
855880,GRN,1.268,23.56229286018226,1
856252,GRN,1.589,21.90848515774846,1
856446,GRN,1.449,22.158362789428164,1
856626,GRN,2.536,22.52244462444869,1
858038,GRN,2.41,23.09618673976974,1
859825,GRN,0.735,21.49262072883003,1
860452,GRN,0.958,21.69019864896759,1
860628,GRN,1.339,22.02571538237966,1
862628,GRN,2.701,23.260071408442855,1
869011,GRN,1.317,23.340444110565905,1
871257,GRN,0.845,22.301029986031168,1
872872,GRN,2.076,22.661055050803974,1
878244,GRN,2.122,22.70079019748431,1
879281,GRN,1.422,23.058426010720932,1
883444,GRN,1.491,22.617943450935257,1
884726,GRN,2.207,22.852784865910504,1
884940,GRN,0.518,21.17609142056308,1
885687,GRN,1.142,22.097222598304036,1
887045,GRN,1.603,21.91381396916807,1
889205,GRN,2.05,22.717087752888688,1
890325,GRN,1.223,22.419575774838382,1
895446,GRN,3.845,23.52121659000582,1
897743,GRN,0.854,21.361729060506157,1
904153,GRN,3.143,23.09208870664977,1
904947,GRN,2.38,23.16820271623016,1
905927,GRN,0.669,22.639884716865854,1
906612,GRN,2.687,23.541579229817472,1
908022,GRN,2.754,22.72810206252067,1
912946,GRN,1.323,23.178976955794422,1
915989,GRN,2.169,22.633852094545393,1
916518,GRN,1.881,22.089905526377297,1
916982,GRN,2.099,22.975569647474604,1
919030,GRN,2.63,23.08015730065435,1
919414,GRN,1.887,23.69983771389205,1
922433,GRN,0.794,21.94870628483289,1
928017,GRN,1.98,22.95631253898722,1
928078,GRN,2.444,22.928754210934308,1
930093,GRN,2.121,21.968483563543135,1
930432,GRN,1.206,22.577376911578536,1
930796,GRN,2.03,22.392697330053238,1
933997,GRN,2.668,23.099335264629953,1
934339,GRN,1.308,21.079181458489597,1
935543,GRN,1.994,22.74733407569634,1
936644,GRN,3.302,23.084219153350517,1
937557,GRN,3.084,23.88761729272975,1
939014,GRN,1.197,22.347720186147296,1
939172,GRN,0.69,21.431363903028796,1
942263,GRN,3.171,22.547774730107726,1
942395,GRN,2.7,23.382017028072624,1
944019,GRN,1.98,23.07335168218172,1
946085,GRN,2.162,22.214844084093496,1
946476,GRN,3.535,23.22798943757076,1
947453,GRN,1.889,22.806451307994784,1
947471,GRN,2.222,22.411620099637474,1
949132,GRN,0.821,21.640421772221664,1
949151,GRN,1.89,22.24054940276454,1
949321,GRN,1.855,23.813580947088347,1
952044,GRN,2.225,23.10720997835151,1
953926,GRN,1.454,21.68124144981756,1
956585,GRN,0.5,21.113943560830766,1
956759,GRN,1.527,22.668665418489027,1
957291,GRN,2.034,22.843855410748642,1
958542,GRN,1.205,22.907180173316874,1
958682,GRN,1.228,22.610766579101696,1
959179,GRN,2.75,23.070776462848816,1
961208,GRN,2.129,22.298853111988386,1
962054,GRN,0.505,22.17695899203553,1
966973,GRN,3.038,22.890012788822368,1
968549,GRN,2.091,23.68663624514142,1
970232,GRN,1.434,22.027757206800413,1
970584,GRN,1.402,21.66275855125441,1
971246,GRN,2.549,22.607455868376736,1
972387,GRN,0.212,23.320561686269368,1
974555,GRN,2.377,21.977723811833133,1
975133,GRN,0.854,23.092018452258355,1
976485,GRN,2.55,22.49831079873268,1
978444,GRN,1.575,22.848804698067905,1
981552,GRN,1.957,22.835500325033127,1
982004,GRN,2.414,22.57403154495846,1
982990,GRN,1.065,21.579785720441357,1
984181,GRN,1.041,21.890532780734652,1
985892,GRN,1.419,23.423245871684706,1
986016,GRN,1.655,22.27184185629417,1
986701,GRN,1.839,22.05690502356694,1
987573,GRN,1.11,22.035701816454484,1
987849,GRN,1.459,21.869232195105383,1
988550,GRN,1.608,22.439016746655295,1
989640,GRN,1.362,22.093422221285067,1
989672,GRN,2.834,23.167494566952037,1
991721,GRN,1.857,22.755867221438944,1
992008,GRN,1.979,22.04921840246857,1
992340,GRN,1.613,22.243038066994746,1
993201,GRN,1.58,22.20951527414624,1
993805,GRN,0.765,21.36172914022964,1
995126,GRN,2.249,23.076858842182947,1
995219,GRN,1.267,22.694605161641725,1
999621,GRN,2.648,22.9171377123994,1
1001309,GRN,1.856,22.405858388455673,1
1002054,GRN,2.307,23.587710974591207,1
1004988,GRN,0.728,21.792391791855817,1
1013607,GRN,1.47,22.209516632399183,1
1013783,GRN,1.832,22.441538011803182,1
1014035,GRN,1.987,22.29446640318206,1
1017482,GRN,1.451,22.44765402411594,1
1021276,GRN,1.616,22.723701896257115,1
1023312,GRN,0.766,21.6430082572701,1
1027745,GRN,1.579,22.417322195801944,1
1030922,GRN,1.406,22.348307916168082,1
1036595,GRN,2.079,22.110589724925518,1
1037540,GRN,0.878,22.017033970971248,1
1041483,GRN,0.881,21.361728316419615,1
1044729,GRN,2.114,22.572057984589847,1
1055541,GRN,1.641,22.328380008858126,1
1057210,GRN,1.011,22.433769796196415,1
1060508,GRN,1.561,22.485863306801733,1
1061421,GRN,2.743,23.97543179266728,1
1069258,GRN,1.143,22.340444351702775,1
1083894,GRN,1.633,23.178976955794422,1
1094060,GRN,2.429,23.102317032178316,1
1107395,GRN,0.717,22.870988783594882,1
66097,BLU,1.147,22.820201448077437,1
99915,BLU,1.599,22.901458296548107,1
121266,BLU,1.276,23.096910019022353,1
128954,BLU,1.16,21.78001471133728,1
136373,BLU,0.967,22.363987807256898,1
147807,BLU,1.513,22.923761952594617,1
149224,BLU,1.634,22.27184159481183,1
150604,BLU,0.634,22.75739601505695,1
154213,BLU,1.433,22.88337748855821,1
156308,BLU,1.042,22.489958460930392,1
158815,BLU,1.424,22.250420390446486,1
158988,BLU,1.365,23.1702617216207,1
166147,BLU,1.231,22.893761947764144,1
166308,BLU,3.098,22.089905486623504,1
167512,BLU,0.985,22.941014198674086,1
169706,BLU,1.274,22.46811090394716,1
171577,BLU,2.284,23.605305047185603,1
171771,BLU,1.981,21.059184630868458,1
171901,BLU,0.364,23.1159431858767,1
172922,BLU,3.244,22.86752638920166,1
172935,BLU,0.886,22.834484257778026,1
173021,BLU,1.449,22.49968720544131,1
173053,BLU,0.893,22.883661428077524,1
181381,BLU,1.595,23.743509767805364,1
183655,BLU,1.584,22.720159312400654,1
185819,BLU,2.035,22.885530807822636,1
185917,BLU,1.662,22.323746975326124,1
189381,BLU,1.089,23.999565487599263,1
191523,BLU,1.335,22.670245831739415,1
192327,BLU,1.066,22.76492298442685,1
192835,BLU,1.339,23.371806458512797,1
192989,BLU,1.07,23.53019969203202,1
193191,BLU,1.638,23.021189308064635,1
193500,BLU,0.828,23.57518782697192,1
195004,BLU,1.667,21.869231699525795,1
195293,BLU,1.247,22.961895477700633,1
197979,BLU,1.947,22.868644430350017,1
198348,BLU,4.182,23.390935100650875,1
198996,BLU,1.449,23.499687087840442,1
199713,BLU,1.051,22.000000968310342,1
201497,BLU,0.972,22.66996736270121,1
202465,BLU,1.709,23.06595298009083,1
205032,BLU,0.681,22.60216851994348,1
205469,BLU,0.222,22.87157291960375,1
208611,BLU,1.427,21.447158149191406,1
208681,BLU,0.775,23.854913019231095,1
210362,BLU,2.968,23.8762178226359,1
211437,BLU,2.655,23.250175956701675,1
212588,BLU,1.531,23.0312064052799,1
212772,BLU,2.605,22.78024527637367,1
212953,BLU,2.214,23.448706306095993,1
213663,BLU,0.516,22.783903579934073,1
215158,BLU,2.295,22.907948508594732,1
215847,BLU,1.502,24.056451257415052,1
215929,BLU,2.078,22.40260522903632,1
215943,BLU,0.684,22.88024178842425,1
216350,BLU,0.104,22.346353306657665,1
216637,BLU,1.293,22.97173955996354,1
217180,BLU,0.65,22.4014005373579,1
217489,BLU,1.313,22.810165283570875,1
218320,BLU,1.793,23.13353890449002,1
218980,BLU,2.046,22.816705191274874,1
220345,BLU,1.338,22.94438390559117,1
220730,BLU,1.873,22.812043882206932,1
222363,BLU,0.372,22.41329974387607,1
222544,BLU,1.426,21.662758179210865,1
222723,BLU,1.248,21.885756880291005,1
223778,BLU,1.15,22.06966811160244,1
223969,BLU,0.995,22.46686819281469,1
226088,BLU,2.006,22.562768577062002,1
226937,BLU,2.293,23.491361671582826,1
227007,BLU,0.901,23.13033374437413,1
227400,BLU,0.622,21.982542587411576,1
231455,BLU,1.422,21.73239376286721,1
231458,BLU,1.408,22.704407952599208,1
231958,BLU,1.475,23.23552844637189,1
232171,BLU,0.965,23.856196979483144,1
232704,BLU,0.815,23.28103337195127,1
233700,BLU,1.527,22.784617278503767,1
233712,BLU,1.758,22.492760375620605,1
234048,BLU,0.518,22.110590293497356,1
235734,BLU,1.485,22.371067844315995,1
237347,BLU,1.425,23.287801716264653,1
239908,BLU,1.04,22.436655515206,1
240895,BLU,0.736,21.770853198746245,1
241508,BLU,0.69,22.566555323585,1
242114,BLU,1.437,22.872622388589452,1
243074,BLU,2.146,22.833147094812556,1
243225,BLU,0.946,23.70329135686671,1
243592,BLU,0.283,22.872505879849726,1
244279,BLU,0.48,22.027634992447137,1
246467,BLU,2.162,23.746634193510978,1
247767,BLU,0.684,23.008600139118652,1
247877,BLU,1.864,22.819543908128253,1
248022,BLU,0.975,22.434569209356848,1
249368,BLU,3.0,22.20139731273668,1
250424,BLU,1.405,23.999565487599263,1
251456,BLU,1.013,22.659916223819817,1
252977,BLU,2.158,21.694727999757653,1
253192,BLU,0.91,22.692847116738445,1
253630,BLU,1.585,23.344392258742193,1
253745,BLU,0.692,23.22271645917239,1
254534,BLU,1.222,23.31513032307672,1
257310,BLU,1.116,22.81941231023246,1
258190,BLU,1.217,22.62941014226058,1
258988,BLU,1.235,23.149219122442737,1
259117,BLU,1.595,22.673941984028676,1
259664,BLU,2.731,23.480006951458403,1
259874,BLU,1.971,22.832253360103717,1
260549,BLU,1.129,22.8639173603684,1
260972,BLU,1.45,22.855519150945167,1
261732,BLU,1.323,23.542825431897455,1
262208,BLU,3.124,23.999565487599263,1
262718,BLU,1.519,23.071882017563706,1
262797,BLU,2.58,22.31787538960969,1
263569,BLU,0.776,22.982587807087643,1
265085,BLU,1.496,23.303196041949203,1
265115,BLU,2.976,22.440909252430803,1
265264,BLU,1.405,22.5418287587213,1
265435,BLU,0.976,23.390935100650875,1
267821,BLU,0.679,22.083574247258515,1
268145,BLU,0.96,23.296665152969688,1
268620,BLU,1.391,23.391816898904622,1
268863,BLU,1.689,22.012839231721657,1
271000,BLU,0.914,22.62355940187204,1
272572,BLU,1.689,23.091315155770406,1
272741,BLU,1.069,22.064458003199658,1
272943,BLU,1.993,23.07918123641481,1
273224,BLU,1.878,23.68574173300221,1
274153,BLU,2.722,23.800717083504423,1
276554,BLU,1.265,23.16136800609105,1
277917,BLU,2.074,23.086359801803688,1
278250,BLU,1.278,22.51982796877943,1
279384,BLU,1.647,23.155336030567756,1
279761,BLU,0.623,22.61489718171435,1
280487,BLU,0.87,22.062957811592916,1
280576,BLU,0.73,22.061904653391156,1
281128,BLU,0.955,22.93951923848951,1
282350,BLU,0.745,23.55157195272684,1
282498,BLU,2.193,22.459392785092145,1
282529,BLU,1.682,22.744527676590188,1
282585,BLU,1.423,22.10720997835151,1
283498,BLU,1.75,22.798650625240086,1
283742,BLU,0.621,21.879955597150403,1
283976,BLU,1.423,23.747411814348578,1
284209,BLU,1.273,21.838849154804585,1
284936,BLU,1.264,22.487986328109468,1
285322,BLU,1.281,23.23552844637189,1
285638,BLU,1.444,23.694605201154626,1
285728,BLU,1.915,22.120574444624726,1
285751,BLU,1.24,22.343585781674598,1
286866,BLU,2.866,23.387745655422425,1
286870,BLU,0.998,22.800717263000475,1
287624,BLU,0.528,23.54032948657701,1
288900,BLU,1.764,23.220108083120227,1
288925,BLU,1.415,22.43949058459613,1
288986,BLU,1.303,23.394451664884087,1
290561,BLU,1.34,22.371067844315995,1
290940,BLU,1.464,22.587710954375304,1
291109,BLU,0.947,23.18184358860611,1
291295,BLU,1.437,22.617000310700867,1
291505,BLU,3.439,22.54431613814648,1
291777,BLU,0.596,23.64738298515067,1
297271,BLU,1.535,24.24995863710579,1
297388,BLU,2.086,23.250419961909294,1
297892,BLU,0.869,23.158362477029414,1
298256,BLU,2.044,23.380211232078793,1
298487,BLU,0.864,23.748188017373387,1
301078,BLU,1.998,22.28712962098186,1
301614,BLU,0.935,21.963788786089072,1
301744,BLU,0.763,23.298853072674046,1
301995,BLU,1.664,23.099680620904067,1
302660,BLU,1.308,22.235553695930594,1
303796,BLU,1.149,22.071145257905485,1
304319,BLU,1.327,22.82151351936197,1
304439,BLU,1.256,21.477121701460597,1
305043,BLU,0.677,22.033423939631938,1
305831,BLU,1.848,22.947923609757904,1
305859,BLU,1.097,23.600972908603026,1
306945,BLU,2.387,22.69705483596247,1
308547,BLU,1.271,22.89762709651248,1
309395,BLU,1.912,23.26717172934257,1
310302,BLU,0.965,22.017242110066313,1
310572,BLU,2.48,23.394381594256757,1
310636,BLU,3.949,23.65848835750621,1
311176,BLU,3.31,22.781755484635962,1
311305,BLU,1.573,23.109207200163553,1
311831,BLU,1.635,22.317436454696516,1
311910,BLU,1.175,22.18184374945217,1
312655,BLU,1.51,23.23552844637189,1
312742,BLU,1.869,22.342422786764608,1
313813,BLU,1.474,21.94939003766821,1
314243,BLU,2.682,23.668199480108512,1
316436,BLU,1.42,22.716420708055587,1
316931,BLU,0.623,21.685562613305933,1
318129,BLU,1.619,23.61700032959834,1
319169,BLU,1.419,22.62910365791162,1
319398,BLU,0.415,23.999565487599263,1
319543,BLU,2.302,22.59460247279224,1
319595,BLU,2.309,23.19865709217646,1
320331,BLU,0.833,22.43806744567117,1
321383,BLU,2.921,23.783188680798002,1
321469,BLU,2.198,23.021189308064635,1
322871,BLU,0.53,21.462398644162743,1
323189,BLU,1.769,22.935204861335894,1
323559,BLU,1.939,23.200576892226668,1
323983,BLU,2.298,23.230448934755913,1
324525,BLU,1.681,22.873320811598138,1
325165,BLU,2.177,22.099680620904067,1
325593,BLU,0.668,22.1755118222711,1
326082,BLU,1.12,21.97772370889167,1
326894,BLU,1.535,22.94195845040193,1
327459,BLU,0.707,21.591065003616496,1
328702,BLU,1.551,22.787461837515142,1
328867,BLU,2.86,23.61700032959834,1
328963,BLU,1.754,21.908485580316615,1
332003,BLU,1.22,22.49023947358927,1
332248,BLU,2.952,22.93711652844253,1
333310,BLU,1.109,23.187520706123422,1
333771,BLU,1.203,23.160768551147715,1
333779,BLU,1.115,23.419955725470636,1
336058,BLU,1.249,23.582063367615252,1
336111,BLU,1.627,22.276462214694057,1
336272,BLU,1.75,22.949389966245313,1
336469,BLU,0.939,23.35410843297634,1
336686,BLU,1.115,22.256717738943863,1
336913,BLU,0.889,23.164352851510223,1
337029,BLU,1.971,22.607455047387337,1
337827,BLU,0.907,21.39794034131958,1
338071,BLU,0.83,23.993691878519723,1
338977,BLU,1.037,23.56229286018226,1
339051,BLU,1.053,23.28096512553905,1
339463,BLU,1.429,23.04139267552541,1
339913,BLU,1.036,24.034512158458284,1
341626,BLU,0.907,22.276921088111873,1
342090,BLU,0.914,22.887898494921373,1
342161,BLU,1.455,23.82477645050035,1
342318,BLU,1.0,22.612783961577943,1
342489,BLU,0.53,22.736396467522326,1
342587,BLU,1.913,22.02135470747062,1
343403,BLU,1.338,21.845098218984937,1
344505,BLU,0.901,23.339053724463593,1
344632,BLU,0.82,23.42586014747675,1
346035,BLU,0.749,22.042260427010728,1
347011,BLU,1.94,23.298197876966984,1
347116,BLU,2.386,23.095831596890147,1
347170,BLU,1.1,22.13672087589073,1
347583,BLU,0.738,22.167317608519525,1
348646,BLU,2.693,22.127105534596303,1
349201,BLU,2.063,22.35024822349977,1
350788,BLU,1.272,22.924847639480955,1
353169,BLU,0.518,23.3502479877454,1
354636,BLU,1.286,22.675869966891096,1
355207,BLU,2.676,22.13988361497298,1
355258,BLU,1.127,22.883434281082852,1
355442,BLU,0.951,21.524006477945143,1
355652,BLU,0.958,22.692846878699324,1
355689,BLU,0.893,22.760422475148655,1
357380,BLU,1.98,23.060697813713073,1
357507,BLU,1.848,23.009875612990243,1
357753,BLU,1.44,23.357363025964393,1
357858,BLU,2.241,23.19284609125383,1
358710,BLU,1.094,22.83058864691831,1
359499,BLU,1.416,22.32428244010311,1
359852,BLU,0.928,23.187520706123422,1
361363,BLU,0.674,23.95035023409808,1
362263,BLU,1.552,23.756636089707065,1
362336,BLU,2.008,23.424881629939442,1
364166,BLU,0.838,21.653212879021,1
367307,BLU,1.035,21.958277111307222,1
367943,BLU,0.63,22.24054926225534,1
368582,BLU,2.154,22.43007503632859,1
370555,BLU,0.918,21.75587498501068,1
370646,BLU,1.248,22.732232852181028,1
371004,BLU,1.405,22.831869754853845,1
372011,BLU,1.819,22.511616004432756,1
372213,BLU,1.602,22.57484117907927,1
372910,BLU,1.708,22.992995076077303,1
373593,BLU,1.24,21.991226598939186,1
373875,BLU,0.834,21.62324977206538,1
374455,BLU,1.864,22.328380743462816,1
375741,BLU,2.448,23.723127150790937,1
376219,BLU,1.377,22.538573702894702,1
376362,BLU,0.832,22.293362556027628,1
376887,BLU,2.611,23.681241227742774,1
377133,BLU,1.358,23.164055588714344,1
377949,BLU,1.511,22.719165478930027,1
378385,BLU,1.353,22.750508385913342,1
378500,BLU,0.969,22.507045896630046,1
379362,BLU,1.025,22.892539785807497,1
379763,BLU,1.836,22.264818250262472,1
382018,BLU,3.371,22.80618025773425,1
383151,BLU,1.433,22.932575244658956,1
383384,BLU,1.76,22.19033499460741,1
383801,BLU,1.649,22.826722520446793,1
383817,BLU,1.566,22.495544547872928,1
383885,BLU,1.755,22.603793687880625,1
384414,BLU,1.253,22.712649678348665,1
385450,BLU,1.796,24.999999980978924,1
385456,BLU,0.769,21.724275996511114,1
385941,BLU,3.46,24.19639451942945,1
388379,BLU,1.444,22.11394423786823,1
389447,BLU,1.31,22.78413208210581,1
391670,BLU,1.501,22.290034631820298,1
392925,BLU,1.551,24.550832248822516,1
393236,BLU,1.579,22.784474658289167,1
393604,BLU,2.532,23.30168096524453,1
393844,BLU,1.251,22.809694361452408,1
394239,BLU,0.864,21.792392186187897,1
395477,BLU,2.004,22.66838589194732,1
396633,BLU,1.217,23.474216236065967,1
398447,BLU,1.092,22.79007392350667,1
398571,BLU,1.434,22.362218536596224,1
399796,BLU,2.043,22.764922950820516,1
402040,BLU,1.869,22.534406909046808,1
402948,BLU,0.661,22.223859201913132,1
403058,BLU,1.519,23.424620344653572,1
403162,BLU,1.746,22.792392146754707,1
403300,BLU,0.971,23.89492496907201,1
404105,BLU,0.73,22.531478913162058,1
404674,BLU,0.982,22.964509510360035,1
405071,BLU,1.419,23.40908736057755,1
405233,BLU,0.663,23.103803708243007,1
405548,BLU,0.782,22.096910003375246,1
405698,BLU,0.434,22.599664759912088,1
406106,BLU,0.691,22.652922892635825,1
407780,BLU,1.483,22.13449582496404,1
408538,BLU,1.315,22.899711076363765,1
409604,BLU,2.314,22.503790995931258,1
411306,BLU,1.133,22.884795333405755,1
411643,BLU,1.329,22.78103693416948,1
413217,BLU,2.051,23.96331551154338,1
413854,BLU,1.98,22.942999596668407,1
414685,BLU,1.727,23.20411997302311,1
414773,BLU,2.084,23.045322993822708,1
415112,BLU,1.418,22.48287358427009,1
415138,BLU,2.085,22.856184924557294,1
415386,BLU,1.005,21.602060427881987,1
415424,BLU,0.775,22.207634370124445,1
415920,BLU,1.09,22.85630586720212,1
416000,BLU,2.054,22.981410848375123,1
416902,BLU,2.236,22.553883307662552,1
418204,BLU,2.507,22.619093774233242,1
418230,BLU,1.608,23.720985721134618,1
418599,BLU,0.834,22.49166977875632,1
418904,BLU,1.375,21.431363948303975,1
419128,BLU,1.519,22.314899019812337,1
420196,BLU,1.964,22.862250671089015,1
420643,BLU,0.219,23.3791785348358,1
420847,BLU,1.778,22.535547259741616,1
420912,BLU,0.445,23.660011200274624,1
421107,BLU,0.895,22.770852055050373,1
422500,BLU,3.681,21.83295575039637,1
423348,BLU,0.916,21.61278424184229,1
423573,BLU,0.916,23.549003272283368,1
424880,BLU,1.51,22.82151351936197,1
424992,BLU,0.68,23.071882083865002,1
425170,BLU,1.445,23.37272792180084,1
425194,BLU,1.927,22.869525036584175,1
425225,BLU,0.667,22.394451664884087,1
425530,BLU,1.111,22.178977979072595,1
426055,BLU,2.622,22.038421435114504,1
426212,BLU,2.524,22.49273245142688,1
426654,BLU,1.492,22.74546515938938,1
426798,BLU,0.937,22.930694374590278,1
428515,BLU,0.838,22.78304555190951,1
429502,BLU,2.134,21.95904162771161,1
430921,BLU,1.249,22.739572315579032,1
433259,BLU,2.951,22.86713734582448,1
433721,BLU,1.373,22.417139370303328,1
433827,BLU,0.972,23.311541962704922,1
434477,BLU,1.238,21.75587507079523,1
436998,BLU,1.047,23.37143732506826,1
437780,BLU,1.169,22.87465572614984,1
438119,BLU,2.105,23.515211303653256,1
438138,BLU,1.553,23.02530586301267,1
438623,BLU,1.671,23.32633585867665,1
438652,BLU,1.54,23.56300621081176,1
440565,BLU,2.491,23.419955725470636,1
441487,BLU,3.471,23.63346843684962,1
442022,BLU,1.113,22.299659829626655,1
442197,BLU,1.113,23.24054923415349,1
442374,BLU,3.261,22.819544382282803,1
442499,BLU,1.121,23.10037054169392,1
443133,BLU,1.124,22.76365255628046,1
443852,BLU,0.862,22.545059571269846,1
444034,BLU,0.89,23.320146263376596,1
444480,BLU,0.704,23.137354114282978,1
445280,BLU,1.02,22.127105133201777,1
445312,BLU,2.233,22.366273521451152,1
445347,BLU,1.474,23.570542934455297,1
445448,BLU,1.19,23.41830130258956,1
445878,BLU,2.337,22.545307109061945,1
446143,BLU,2.239,23.29446623439984,1
447092,BLU,0.97,22.657247088729317,1
447600,BLU,1.108,23.04139267552541,1
448318,BLU,0.926,22.373463679056535,1
448411,BLU,1.541,21.56820236463447,1
450105,BLU,3.96,23.803866648125293,1
452058,BLU,2.017,22.739334943362802,1
453309,BLU,1.324,23.63346843684962,1
453781,BLU,1.424,22.07188215845395,1
453789,BLU,1.26,23.40699976075979,1
453882,BLU,2.341,22.439333075374975,1
454647,BLU,2.31,23.959994821832836,1
454808,BLU,1.482,21.612784122580887,1
454812,BLU,0.976,22.92339948410386,1
455625,BLU,1.148,23.27184159481183,1
455845,BLU,0.673,22.872622388589452,1
456825,BLU,0.983,22.061678637922185,1
456984,BLU,1.827,22.67117284392515,1
458021,BLU,0.988,22.71933127585787,1
458826,BLU,1.599,22.653598381590406,1
459183,BLU,2.079,23.089905104986894,1
459421,BLU,2.372,21.934499479822428,1
459501,BLU,1.169,22.301030328311523,1
459617,BLU,0.979,21.53147929427251,1
460385,BLU,2.709,24.00260228801877,1
460918,BLU,1.171,21.98430223917848,1
461168,BLU,0.696,22.59921695613614,1
461943,BLU,0.842,22.393925977844223,1
462320,BLU,1.591,23.195899615369065,1
463633,BLU,2.622,23.170555058661236,1
463657,BLU,1.493,22.16435289169971,1
464056,BLU,1.827,22.31812597694681,1
465153,BLU,0.85,21.491362032791127,1
465158,BLU,1.523,20.845098288838063,1
465265,BLU,1.248,22.965671939572964,1
465475,BLU,0.352,21.919078305431714,1
465515,BLU,2.227,22.827369259928354,1
465681,BLU,0.915,23.715167365551075,1
466293,BLU,0.822,23.12807600623989,1
466461,BLU,2.81,23.006037975455097,1
466580,BLU,1.899,21.531479581902826,1
466941,BLU,1.033,21.505150254430088,1
468246,BLU,1.757,22.44870629217508,1
468467,BLU,0.93,24.32221928882661,1
468608,BLU,1.182,22.28780174651035,1
469052,BLU,1.283,22.754348316436502,1
469310,BLU,1.406,23.07918123641481,1
469444,BLU,1.092,23.096910019022353,1
469879,BLU,1.847,23.688241770787606,1
470092,BLU,2.053,22.36395963545681,1
470509,BLU,2.209,22.747178668658908,1
471165,BLU,0.998,23.1129399872618,1
472266,BLU,1.883,23.405346367617504,1
472279,BLU,1.36,22.744136428384827,1
472392,BLU,1.551,21.681241755424875,1
472876,BLU,1.518,22.367728530415402,1
473242,BLU,1.377,22.944729372217466,1
473519,BLU,2.686,22.11059021768782,1
473612,BLU,0.674,23.665111712640922,1
474687,BLU,2.918,22.975385875497846,1
474750,BLU,1.478,23.06370853827325,1
475006,BLU,0.687,23.12155982598012,1
475248,BLU,0.95,21.531479042595834,1
475291,BLU,1.79,23.54777469686316,1
475665,BLU,1.147,22.725993243190096,1
475972,BLU,1.91,21.690196603275204,1
477130,BLU,0.622,23.35169969207783,1
477386,BLU,2.808,22.849849176520504,1
478302,BLU,2.282,22.161368943567606,1
478411,BLU,1.198,23.113943342674023,1
478776,BLU,1.193,22.528916981134696,1
480904,BLU,0.638,22.130334468776702,1
481359,BLU,2.575,23.152288318221608,1
481762,BLU,0.724,22.271376875035266,1
482216,BLU,0.899,22.109308473533776,1
482220,BLU,1.231,22.176091412413548,1
483133,BLU,2.524,22.57864057616389,1
483395,BLU,1.733,22.315970315036886,1
483880,BLU,2.232,23.885361218548237,1
484830,BLU,1.339,23.348304837627907,1
484953,BLU,0.972,22.941908773497172,1
486067,BLU,0.971,21.81524559395623,1
486110,BLU,1.697,23.19865709217646,1
486183,BLU,1.809,23.02938376439653,1
486302,BLU,1.822,22.989449828875316,1
486971,BLU,1.178,24.411196948980468,1
487555,BLU,1.915,22.487703821462993,1
487714,BLU,0.125,22.39093532327227,1
487826,BLU,1.697,23.24427707439164,1
488464,BLU,0.368,23.053078437312358,1
488484,BLU,1.37,22.74036267986143,1
489434,BLU,0.974,23.700703718421547,1
489491,BLU,0.979,23.128399255592335,1
491067,BLU,1.961,22.049644341087195,1
493877,BLU,1.854,22.320966306794773,1
493981,BLU,1.171,22.60659626412563,1
494175,BLU,1.121,23.8323172527502,1
495303,BLU,2.584,22.58500930505456,1
495819,BLU,0.962,23.00216604628522,1
495826,BLU,2.813,22.632457267050697,1
495949,BLU,1.231,23.1711411390216,1
495977,BLU,2.009,22.884342106054284,1
496984,BLU,2.062,22.330414408976313,1
497789,BLU,1.261,22.8123785186339,1
498062,BLU,0.893,21.908486123617923,1
498248,BLU,1.506,23.612783856627843,1
498981,BLU,0.965,22.810165283570875,1
500685,BLU,0.449,23.591398544755407,1
501080,BLU,0.725,22.62200667047273,1
501652,BLU,0.846,23.176380676616397,1
501683,BLU,1.225,23.313867214534184,1
503405,BLU,2.093,23.84010608708509,1
503825,BLU,1.449,22.065579713840794,1
503898,BLU,1.001,23.122543515025953,1
504794,BLU,2.244,23.212187573172375,1
505140,BLU,1.882,22.756407851880645,1
505243,BLU,1.857,21.000000069825152,1
506105,BLU,2.051,22.86628732679031,1
507746,BLU,1.23,23.074450708992227,1
507958,BLU,0.678,23.416640493209172,1
508074,BLU,1.424,21.46299659000256,1
510520,BLU,0.424,22.39058184759223,1
510870,BLU,1.907,22.12287093651952,1
510949,BLU,0.34,22.91094436932154,1
511201,BLU,1.265,22.615950042970752,1
511633,BLU,1.321,23.691876802031754,1
511933,BLU,1.333,23.431363740038112,1
511953,BLU,1.257,22.17298218278857,1
512031,BLU,1.498,23.542202732953843,1
512727,BLU,0.889,24.431363774809462,1
513787,BLU,0.659,22.84167225536697,1
514657,BLU,0.675,21.491363334084927,1
515989,BLU,1.453,23.54777469686316,1
516335,BLU,0.812,21.477121497722376,1
516624,BLU,0.424,23.13798672252132,1
516767,BLU,1.627,21.785330166856717,1
516894,BLU,0.843,22.931966121108484,1
517100,BLU,1.22,21.397940047936437,1
517775,BLU,1.355,22.01283733280544,1
517903,BLU,2.447,23.999565487599263,1
518166,BLU,1.863,21.596816952661538,1
519096,BLU,0.972,22.269514058693765,1
519183,BLU,1.797,23.637989795009663,1
519456,BLU,2.051,21.94448322261234,1
519494,BLU,1.778,21.69019610432438,1
519821,BLU,1.438,22.23804616924426,1
520685,BLU,0.537,22.538322324504655,1
520769,BLU,0.607,23.12710478289352,1
521042,BLU,1.681,23.77742682777668,1
521162,BLU,1.414,22.693726929788543,1
522252,BLU,1.762,22.548266526461372,1
522300,BLU,1.237,23.004321391261154,1
522534,BLU,1.269,22.057057178697946,1
523113,BLU,2.798,21.278754116321352,1
524280,BLU,0.7,22.959184534430523,1
524394,BLU,1.125,23.636487887623964,1
526232,BLU,1.216,23.618048101218232,1
526303,BLU,1.843,22.170261860383032,1
526398,BLU,2.25,22.484300227304242,1
526818,BLU,0.573,22.336219469255504,1
527892,BLU,1.08,22.838030084655596,1
528339,BLU,2.682,22.291146759102254,1
529468,BLU,2.909,23.846398936491333,1
530617,BLU,1.551,23.390935100650875,1
530939,BLU,0.74,23.26717172934257,1
530967,BLU,1.244,21.908431367501816,1
531461,BLU,0.819,22.6062738244577,1
531775,BLU,1.77,22.915399811795552,1
532152,BLU,2.43,23.86033799963596,1
532321,BLU,0.686,21.48693178763653,1
532384,BLU,1.435,23.23197900848547,1
532685,BLU,1.245,22.84670814706969,1
533239,BLU,1.784,21.582622368757228,1
533672,BLU,2.613,22.26007189204136,1
534215,BLU,0.479,23.960663358145503,1
534286,BLU,1.263,22.8959747222292,1
534811,BLU,1.054,21.880815233569155,1
534983,BLU,2.226,22.945616246140105,1
536192,BLU,1.092,22.385659884196127,1
536989,BLU,2.048,23.146128026045425,1
537639,BLU,1.698,22.731910942491943,1
539141,BLU,1.813,22.31597083471712,1
539307,BLU,2.188,22.43253637682467,1
539736,BLU,2.693,23.072617471545662,1
540730,BLU,0.891,21.633468631301284,1
540943,BLU,1.115,22.684845366559532,1
541230,BLU,2.146,22.19033212388019,1
541366,BLU,2.018,23.525044814919454,1
541434,BLU,0.954,23.27438877281592,1
541830,BLU,1.701,23.67700435153255,1
542389,BLU,1.774,22.31031089257171,1
545088,BLU,1.096,22.653405485723738,1
546656,BLU,1.253,23.405909587311005,1
546685,BLU,2.136,22.92069708666312,1
546921,BLU,1.058,23.021189308064635,1
547078,BLU,0.632,22.245512773756552,1
547146,BLU,1.582,23.348304837627907,1
547306,BLU,1.449,22.02734959997846,1
547496,BLU,0.838,21.845098149131804,1
547611,BLU,1.368,21.690196503485083,1
548180,BLU,1.998,22.899929869844268,1
548220,BLU,0.955,23.06818584876995,1
548361,BLU,1.021,23.46982199971522,1
549460,BLU,1.222,21.939519547609716,1
549632,BLU,0.895,22.4014005373579,1
550062,BLU,0.958,21.875061384151437,1
550246,BLU,1.503,22.565847820733516,1
551649,BLU,1.919,23.54032948657701,1
551738,BLU,1.799,22.84831228866931,1
552225,BLU,2.838,22.144325059901504,1
552254,BLU,1.323,23.238046095757127,1
552411,BLU,0.587,22.1105914306388,1
553873,BLU,1.787,23.431524585706317,1
554257,BLU,1.654,22.82275633937987,1
554361,BLU,1.866,21.28847278940669,1
554731,BLU,1.974,22.436162774964917,1
555407,BLU,0.968,21.869232062950882,1
555440,BLU,0.354,22.20951500249514,1
556119,BLU,3.328,22.316201039145085,1
556971,BLU,0.825,22.079253606409093,1
557190,BLU,0.667,23.498310537947617,1
558222,BLU,0.952,22.704322105997022,1
558240,BLU,2.368,23.06445798633855,1
558556,BLU,0.959,22.49262070523858,1
558958,BLU,1.013,21.982271496416107,1
560030,BLU,1.256,22.04020661580237,1
560331,BLU,0.876,21.80618067030401,1
560530,BLU,0.958,22.443732197410483,1
561143,BLU,1.052,21.990649578646075,1
561709,BLU,1.47,23.86260833157426,1
561903,BLU,1.437,22.87639104547869,1
562802,BLU,0.822,22.29225629523274,1
564150,BLU,0.951,22.683947113829674,1
564498,BLU,1.589,23.12645611140035,1
564716,BLU,2.028,22.574033109665415,1
564821,BLU,1.814,22.683947113829674,1
565276,BLU,1.42,22.298853701703052,1
565402,BLU,0.946,22.04543162014593,1
565763,BLU,0.979,23.06818584876995,1
566698,BLU,1.639,23.769894026112908,1
566857,BLU,1.415,22.017034112020667,1
567435,BLU,1.298,22.54900326123315,1
568511,BLU,1.924,23.008600139118652,1
568616,BLU,1.438,22.994229148468374,1
569294,BLU,0.787,22.64345269352458,1
570617,BLU,1.269,23.999565487599263,1
571036,BLU,2.732,22.680335489898617,1
572088,BLU,2.055,22.16345953247184,1
572751,BLU,0.811,23.133858114708264,1
573007,BLU,1.247,21.982271496416107,1
573553,BLU,1.849,22.376576949067303,1
575534,BLU,1.312,21.79934081768103,1
576750,BLU,0.884,22.62013605378363,1
577245,BLU,0.821,23.36921584443393,1
577597,BLU,0.906,22.053080038368574,1
577761,BLU,1.176,23.429752260190252,1
578092,BLU,0.868,23.216878123262195,1
578239,BLU,1.537,21.838850430381957,1
579394,BLU,1.264,23.90579587316473,1
579765,BLU,0.558,22.89097959037367,1
580157,BLU,2.431,23.361727809377054,1
580915,BLU,2.957,21.879095838345673,1
581118,BLU,1.187,23.217483946434964,1
581549,BLU,0.951,21.79239171298936,1
584970,BLU,0.925,22.840983839985913,1
585033,BLU,1.429,23.94051645017825,1
585941,BLU,1.122,23.54406802354096,1
586891,BLU,1.444,22.81743312471104,1
589008,BLU,1.555,23.84654738147972,1
589540,BLU,0.582,21.079182069704014,1
589797,BLU,0.559,23.50379065257791,1
590031,BLU,0.948,23.553883023567113,1
590120,BLU,2.654,22.35564303817338,1
590258,BLU,1.272,22.01940707365924,1
591069,BLU,1.512,23.247973276619387,1
592177,BLU,1.425,22.867408531654803,1
593532,BLU,2.661,22.57460994577102,1
593620,BLU,1.26,21.36172807724867,1
594392,BLU,0.913,22.481943993451356,1
594617,BLU,1.17,22.240549599477347,1
596188,BLU,2.704,21.95424263019906,1
596401,BLU,1.561,23.36548798200253,1
597002,BLU,1.085,22.460897837184405,1
597451,BLU,0.819,22.370705437621048,1
598015,BLU,1.269,22.65030748637047,1
598079,BLU,0.468,22.629410188173395,1
599333,BLU,0.729,22.526339264264372,1
600755,BLU,1.388,23.206852827667475,1
601457,BLU,2.07,22.14612835435516,1
601533,BLU,0.954,23.889301680254864,1
601946,BLU,1.147,23.1862215281157,1
601958,BLU,1.693,23.999565487599263,1
602526,BLU,2.546,23.74036267274911,1
603396,BLU,1.042,23.071882017563706,1
603571,BLU,1.368,23.115177648362135,1
603725,BLU,0.676,21.55630249249273,1
604416,BLU,0.621,21.255273345737862,1
604824,BLU,0.734,23.661812678461168,1
605055,BLU,1.211,22.727947668076194,1
605093,BLU,2.017,23.093421669220106,1
605241,BLU,1.563,22.34321158196682,1
605519,BLU,0.497,22.065952988492413,1
607000,BLU,1.156,22.75143309534381,1
607093,BLU,1.085,23.003460528685864,1
607291,BLU,2.364,23.285557301401788,1
607340,BLU,1.14,22.210479047998426,1
607561,BLU,1.466,22.800923170386298,1
609216,BLU,1.265,23.095866449805936,1
609485,BLU,1.781,23.36921584443393,1
609513,BLU,2.442,22.98181861507762,1
609768,BLU,1.024,23.008600139118652,1
610703,BLU,0.891,21.70594919005076,1
610782,BLU,1.692,23.431363740038112,1
610794,BLU,1.506,24.297979234920486,1
611654,BLU,2.97,22.60852613185546,1
611879,BLU,0.772,22.57287161662405,1
613159,BLU,1.869,22.149219469231326,1
614573,BLU,2.39,23.247973276619387,1
615692,BLU,1.719,22.676876406205892,1
616153,BLU,0.673,23.331629679196524,1
616226,BLU,0.762,22.39619956997009,1
616655,BLU,0.483,22.118925744680332,1
617286,BLU,1.024,22.430880946827962,1
617853,BLU,1.657,22.59779384064758,1
618121,BLU,0.551,22.520378695483895,1
618370,BLU,1.207,23.63848924282553,1
620652,BLU,0.367,23.810904246247194,1
621569,BLU,1.718,23.62055243490919,1
621774,BLU,1.912,22.454844912140594,1
622089,BLU,2.29,21.322219630874116,1
622251,BLU,2.55,23.999565487599263,1
623908,BLU,0.894,21.77713671084391,1
625047,BLU,2.547,23.505149968687093,1
625595,BLU,0.665,21.8316778178874,1
625774,BLU,2.164,23.41995575521799,1
626120,BLU,1.722,23.999565487599263,1
626509,BLU,2.53,23.155336030567756,1
626552,BLU,2.021,23.305351386925135,1
627520,BLU,0.881,23.195899615369065,1
628213,BLU,1.514,22.169380486738522,1
628500,BLU,1.24,23.20139712206835,1
629377,BLU,1.367,22.96510754043883,1
629988,BLU,1.661,22.401279868665174,1
630287,BLU,1.024,22.769739088919277,1
631014,BLU,0.934,21.740362973244608,1
631720,BLU,1.886,21.9399682704979,1
632365,BLU,1.123,22.78361772671534,1
632378,BLU,1.943,22.373463679056535,1
632647,BLU,1.208,23.7512791137707,1
633412,BLU,1.455,23.016615501404406,1
633483,BLU,0.966,22.133543851709184,1
633565,BLU,0.848,21.462398559857323,1
634248,BLU,1.078,22.026545518487886,1
634754,BLU,0.658,22.851013602262498,1
635497,BLU,1.941,21.968483721275824,1
635561,BLU,0.556,23.828279557210003,1
635671,BLU,0.706,23.06818584876995,1
636013,BLU,1.242,22.30971530346255,1
637114,BLU,0.943,22.112604989487085,1
637635,BLU,1.839,23.056904834840893,1
637663,BLU,0.711,22.256886030789875,1
638494,BLU,2.39,22.557049806722414,1
638527,BLU,1.414,22.41330012146057,1
639085,BLU,2.158,21.72427595038168,1
639158,BLU,0.905,23.033423767586232,1
639400,BLU,2.063,22.396199923443586,1
639552,BLU,1.029,23.06505661500629,1
640492,BLU,0.902,24.135180372830774,1
640623,BLU,1.373,22.178113226847817,1
641147,BLU,0.675,21.47712141622706,1
641491,BLU,1.353,22.83429349456009,1
642185,BLU,0.678,23.40654016313099,1
642649,BLU,1.697,22.391711141091342,1
643015,BLU,1.372,22.245258406057932,1
643706,BLU,0.942,23.710117356241533,1
644023,BLU,1.689,22.457291344468025,1
644854,BLU,2.649,22.468347371339725,1
645941,BLU,1.702,22.446490565061737,1
645944,BLU,0.731,21.740364573513,1
647123,BLU,1.125,22.485011203025085,1
647413,BLU,1.95,23.457881885738193,1
648670,BLU,2.101,22.595606440816372,1
649286,BLU,0.476,23.81822592321781,1
649850,BLU,3.641,22.859738555483734,1
650197,BLU,1.704,22.56232854698262,1
650453,BLU,0.874,21.81689061357924,1
650659,BLU,1.43,21.855882406884263,1
650697,BLU,1.028,22.96222721143323,1
653385,BLU,2.625,22.62347670035772,1
656275,BLU,3.101,23.8293037834815,1
656926,BLU,1.626,22.520352521363154,1
657027,BLU,1.831,24.682576427176038,1
658065,BLU,1.215,22.06818646729836,1
658690,BLU,1.307,22.391570204394768,1
659751,BLU,1.191,23.58092496296267,1
659773,BLU,0.955,23.31597033393436,1
659778,BLU,0.934,22.553883007176985,1
660169,BLU,0.672,22.87995555202443,1
661030,BLU,2.122,22.58883174217433,1
661192,BLU,3.155,23.039415722478527,1
661682,BLU,1.181,22.301029986031168,1
662158,BLU,1.197,23.04139267552541,1
662355,BLU,0.985,22.608953711589045,1
662467,BLU,1.187,21.778151534134008,1
663168,BLU,0.88,22.894869619705084,1
663565,BLU,1.463,22.998520856795214,1
664330,BLU,2.897,22.964448252540965,1
664975,BLU,1.456,22.24303840228977,1
665286,BLU,0.632,23.01072386529988,1
665457,BLU,2.151,22.693902726209103,1
666869,BLU,1.162,22.828659885741743,1
667434,BLU,2.147,22.017951045835883,1
667844,BLU,3.017,22.100380786703226,1
668726,BLU,1.426,23.102433690486755,1
669348,BLU,0.829,22.587081025103352,1
670364,BLU,1.151,22.103803954654087,1
670500,BLU,1.617,21.949390834307387,1
670725,BLU,2.59,23.999565487599263,1
670749,BLU,0.607,21.92941969843618,1
671381,BLU,2.215,22.29666517272614,1
671978,BLU,1.103,21.903090056817096,1
673076,BLU,1.49,21.919078246519437,1
673615,BLU,1.1,22.846955332636668,1
673948,BLU,0.769,22.48671374198875,1
674574,BLU,1.836,21.113943983979304,1
674702,BLU,0.378,22.495710797731654,1
674827,BLU,1.125,21.50515021622916,1
674831,BLU,1.104,22.888460313206956,1
674969,BLU,0.625,22.632457267050697,1
675245,BLU,1.176,22.166699434389407,1
675466,BLU,2.105,22.936011670424136,1
675561,BLU,0.969,23.51982796877943,1
675643,BLU,2.005,23.242789793807102,1
675793,BLU,0.84,22.535294351046904,1
677597,BLU,1.254,22.71432973954005,1
678542,BLU,0.894,23.117271306925577,1
678855,BLU,1.111,23.50379065257791,1
679509,BLU,1.477,22.71600332647934,1
679639,BLU,1.907,22.17026192646032,1
679945,BLU,0.743,22.37474986147249,1
680127,BLU,1.371,22.260071972641057,1
681339,BLU,1.923,23.364550978117272,1
681549,BLU,1.478,21.431364355780374,1
684786,BLU,0.864,22.556664255855427,1
684981,BLU,0.934,22.98475226584909,1
685399,BLU,0.49,23.35005406699926,1
686187,BLU,1.008,21.41497360351127,1
687085,BLU,0.583,22.71432973954005,1
687136,BLU,2.393,22.41796962301914,1
687415,BLU,1.745,23.289588942106544,1
687903,BLU,1.022,24.607814081174443,1
688531,BLU,1.063,21.96848351096556,1
688717,BLU,1.987,22.367728530415402,1
688836,BLU,1.127,22.71677101086932,1
689230,BLU,2.665,22.512417521897582,1
689758,BLU,1.123,22.15866397986798,1
690548,BLU,1.089,22.91009053644241,1
691252,BLU,1.188,21.568201802977775,1
691398,BLU,0.967,21.77815141189104,1
691521,BLU,1.021,21.90309149317008,1
692020,BLU,0.982,23.243038027876977,1
692136,BLU,1.64,22.625723904338145,1
692317,BLU,2.017,21.89762743074645,1
692398,BLU,1.796,23.122543515025953,1
692485,BLU,0.949,22.110589838639946,1
692714,BLU,1.33,22.881327584389844,1
693350,BLU,1.09,21.952937669932407,1
693513,BLU,1.53,22.707570181805426,1
694069,BLU,1.526,22.133539393461863,1
694327,BLU,1.092,23.51054503437928,1
696146,BLU,1.462,22.418301653454897,1
696590,BLU,2.051,22.20412026640629,1
696891,BLU,1.085,21.929419928540234,1
697594,BLU,0.7,23.428134778557503,1
698328,BLU,2.62,22.637489826236756,1
698425,BLU,0.889,22.13988141815908,1
699272,BLU,0.602,23.787672951291515,1
699371,BLU,1.692,21.740363595571907,1
699815,BLU,0.786,22.69600671204497,1
699926,BLU,1.594,23.189770945703266,1
700043,BLU,1.02,23.12004718377077,1
700757,BLU,1.193,21.000000222628888,1
701381,BLU,0.728,23.513217568836357,1
702876,BLU,1.63,22.7134905402708,1
703280,BLU,2.962,23.474216236065967,1
703326,BLU,1.035,22.686582668197445,1
703515,BLU,3.447,23.173186240401986,1
703733,BLU,1.309,22.20412026640629,1
704055,BLU,1.082,22.648359970581332,1
704286,BLU,1.59,22.225184650145728,1
704782,BLU,1.673,22.69618158824428,1
704811,BLU,1.65,22.390652541879895,1
704900,BLU,2.032,23.487138390054067,1
705406,BLU,2.846,22.84664631476803,1
705464,BLU,2.548,23.20547499907977,1
705530,BLU,0.879,24.999999980978924,1
706363,BLU,3.748,23.520483564998802,1
706740,BLU,2.386,23.428134778557503,1
707186,BLU,0.891,21.518514193993596,1
707614,BLU,1.531,23.612783856627843,1
708170,BLU,1.255,22.28012287887057,1
709438,BLU,0.982,23.839478030382036,1
709638,BLU,2.377,22.281260697277897,1
710099,BLU,1.28,22.273093909506485,1
710279,BLU,0.938,22.782042404273923,1
710434,BLU,0.853,22.21335835088458,1
711439,BLU,0.854,23.63255849642176,1
711839,BLU,1.677,23.40654016313099,1
712337,BLU,1.797,22.627365983503058,1
712422,BLU,1.852,23.24054923415349,1
712578,BLU,1.156,22.53076301474956,1
712916,BLU,2.353,23.588831711928634,1
713028,BLU,1.268,22.507855854773993,1
713100,BLU,1.258,22.97173955996354,1
713765,BLU,1.248,23.33883483916626,1
713948,BLU,2.765,23.10037054169392,1
714836,BLU,0.739,22.11360916342326,1
715706,BLU,0.959,22.053078740215337,1
716342,BLU,2.247,21.924279389358333,1
716692,BLU,0.881,22.827369259928354,1
716954,BLU,0.957,21.851258536052455,1
717122,BLU,1.514,23.460897823648843,1
717390,BLU,1.234,22.220369616224378,1
717885,BLU,0.937,22.262451408216496,1
718980,BLU,2.133,23.60852600660153,1
719297,BLU,1.299,22.7836892478923,1
720397,BLU,1.067,22.84683172960943,1
721349,BLU,1.385,22.519486706494316,1
722793,BLU,1.932,23.212187573172375,1
722987,BLU,1.907,21.913814028798797,1
723434,BLU,1.766,23.4411450358729,1
724318,BLU,0.938,22.118859700533708,1
725114,BLU,0.678,22.14625211642694,1
725399,BLU,0.742,22.91009053644241,1
725624,BLU,2.479,22.80160949328063,1
727103,BLU,0.986,22.537944969721977,1
727201,BLU,0.928,22.82665777600427,1
728413,BLU,1.268,22.873320575948973,1
728798,BLU,1.284,22.86451107890712,1
728847,BLU,1.167,21.230449226700923,1
729034,BLU,0.979,21.602060244517588,1
729507,BLU,2.007,22.345177611857036,1
729517,BLU,0.483,22.429154495910318,1
729584,BLU,0.904,22.57599560631288,1
730099,BLU,0.656,22.962937296434696,1
731099,BLU,1.457,23.323045727336257,1
732095,BLU,1.65,23.595496230063823,1
732481,BLU,2.449,23.86729065804503,1
732720,BLU,1.989,22.88586986922996,1
732898,BLU,1.122,22.360782631662843,1
733583,BLU,0.733,23.21351774616723,1
734261,BLU,0.978,22.37493154715011,1
735593,BLU,1.724,23.371067844315995,1
735815,BLU,1.995,23.012837218870203,1
736286,BLU,1.406,22.150756417787218,1
736295,BLU,0.899,22.232487854658935,1
736642,BLU,0.956,23.728434936004874,1
737222,BLU,1.528,22.214790890239478,1
739500,BLU,2.581,23.999565487599263,1
739711,BLU,0.943,21.579784079816154,1
740584,BLU,0.528,21.755875242364276,1
741487,BLU,1.101,21.301030309975083,1
741600,BLU,1.122,22.004321468722075,1
742677,BLU,1.954,23.988112855159528,1
742786,BLU,2.188,22.558516575569897,1
743041,BLU,3.191,23.32633585867665,1
743261,BLU,0.727,24.139976650470132,1
746652,BLU,1.86,22.722798395680776,1
747029,BLU,1.242,23.376576924413246,1
747724,BLU,1.548,20.95424284072861,1
747781,BLU,1.108,22.484299810475726,1
747883,BLU,0.373,21.53756723004847,1
748043,BLU,0.696,23.790285160106425,1
749779,BLU,0.885,22.291102336652187,1
750821,BLU,1.003,23.403635171046215,1
751163,BLU,0.893,21.43136421995495,1
752272,BLU,2.481,22.38560632191775,1
753422,BLU,0.915,23.230448934755913,1
754140,BLU,1.517,21.954248280505194,1
755135,BLU,1.741,22.24797345894793,1
755370,BLU,1.233,22.42071467550928,1
756383,BLU,0.728,23.342422671189393,1
759425,BLU,1.47,23.11856230309211,1
759837,BLU,2.672,23.274850329288352,1
761265,BLU,1.313,21.851258845964118,1
761769,BLU,0.732,22.195179825262045,1
762184,BLU,2.804,23.037426463186307,1
763134,BLU,1.313,21.612784122580887,1
763207,BLU,0.78,21.505150330831924,1
763293,BLU,1.448,21.59035133387035,1
763619,BLU,0.817,22.812980142988327,1
764321,BLU,1.167,22.564310874619082,1
765054,BLU,1.282,23.143014770921685,1
765668,BLU,1.32,21.97772391477457,1
766118,BLU,0.798,22.694341886419025,1
766685,BLU,1.236,22.281260697277897,1
766933,BLU,1.929,22.053078696943494,1
766953,BLU,1.281,21.518514193993596,1
768111,BLU,1.31,21.944975887456838,1
768120,BLU,1.302,23.322219303728616,1
768174,BLU,0.845,23.378397896225508,1
768691,BLU,0.329,22.13325138001529,1
768952,BLU,1.82,23.060697813713073,1
768966,BLU,0.8,21.83543689756834,1
769059,BLU,2.741,22.586812236919272,1
769206,BLU,0.979,23.178976955794422,1
769368,BLU,0.89,22.01703335975656,1
769426,BLU,2.022,22.738336532275415,1
769541,BLU,1.59,23.103803708243007,1
770401,BLU,0.976,22.612783818464163,1
770600,BLU,0.679,23.505421312330803,1
770821,BLU,0.958,22.823669812500373,1
771517,BLU,0.979,22.90433682503706,1
772429,BLU,2.096,21.079181713162374,1
772845,BLU,0.658,22.149219434552478,1
773228,BLU,1.428,23.28891960910169,1
773838,BLU,0.693,20.903090377704878,1
774687,BLU,1.265,23.13033374437413,1
774953,BLU,0.926,22.16867423033313,1
776284,BLU,0.98,23.507855854773993,1
776759,BLU,0.985,22.648359970581332,1
776801,BLU,1.122,24.28229345270811,1
777374,BLU,0.921,22.307496039842302,1
777558,BLU,2.59,22.227886927604224,1
779775,BLU,3.36,22.720986293770817,1
783288,BLU,0.735,22.649335192894572,1
783627,BLU,2.22,21.414973368428598,1
785922,BLU,0.795,21.939519660017005,1
786995,BLU,4.445,23.49024014410681,1
787558,BLU,1.026,22.067833052124662,1
788039,BLU,2.952,23.471291717284682,1
791433,BLU,1.684,22.375882958437145,1
791478,BLU,0.703,22.487237409153664,1
792290,BLU,1.098,21.79239265938592,1
792762,BLU,1.458,23.025715373162466,1
793979,BLU,1.81,22.971461429981172,1
794164,BLU,3.072,23.134177090476538,1
794241,BLU,1.551,23.383815378977733,1
794860,BLU,1.171,23.61700032959834,1
795034,BLU,1.274,23.999565487599263,1
795779,BLU,2.714,21.53147925831871,1
797410,BLU,2.982,21.505150254430088,1
797617,BLU,0.893,23.139879093776152,1
800486,BLU,1.66,21.99449308742045,1
800899,BLU,0.698,22.93901972765307,1
803184,BLU,1.256,23.02938376439653,1
803402,BLU,0.876,22.995635157305706,1
803830,BLU,0.669,22.269514558179843,1
804324,BLU,2.664,22.432488258998728,1
804330,BLU,0.678,22.74335294361326,1
805219,BLU,1.772,23.13353890449002,1
805633,BLU,0.511,21.579784240662036,1
806711,BLU,1.99,22.62582668745027,1
807334,BLU,0.728,23.29225608567332,1
807707,BLU,1.101,22.065579713840794,1
808134,BLU,0.729,22.336461182567007,1
808139,BLU,1.818,22.05307930274888,1
808481,BLU,1.028,22.943840594465044,1
808579,BLU,1.444,22.545059571269846,1
808811,BLU,0.999,22.490941210754695,1
809167,BLU,2.057,23.476541785293417,1
809443,BLU,1.439,22.745933160552834,1
810765,BLU,0.948,22.22219604511159,1
810880,BLU,0.432,22.994053066962394,1
811058,BLU,0.606,23.448706306095993,1
811456,BLU,0.978,23.155336030567756,1
811659,BLU,2.362,23.070296514853343,1
811700,BLU,1.027,23.376576924413246,1
812706,BLU,0.643,23.00389115389028,1
812993,BLU,1.415,22.630428120985997,1
813455,BLU,2.556,23.285557301401788,1
814973,BLU,1.323,22.621363244776877,1
816596,BLU,1.801,23.50758602842837,1
816638,BLU,1.849,22.274158205839626,1
818249,BLU,1.138,22.209515334513128,1
818465,BLU,1.748,21.977723605950185,1
818825,BLU,1.716,24.307709938232637,1
819172,BLU,1.607,22.235528764772223,1
820281,BLU,2.05,22.862846644127334,1
821643,BLU,0.826,22.79795963784175,1
821940,BLU,1.966,21.665111743300795,1
823862,BLU,1.049,23.578639203431653,1
824019,BLU,1.557,24.336163425931385,1
824364,BLU,1.76,22.710963092619448,1
824613,BLU,2.554,22.425729781812482,1
824635,BLU,0.941,22.457883487246743,1
824871,BLU,1.258,22.812579152702398,1
825668,BLU,2.33,21.672097980429395,1
826154,BLU,1.447,22.640282614332328,1
826989,BLU,1.139,23.4014005373579,1
827040,BLU,1.648,23.46760810861245,1
827195,BLU,2.566,22.997997636914217,1
827849,BLU,1.574,22.798650625240086,1
828000,BLU,1.243,22.32362333414235,1
829342,BLU,0.753,21.55630249249273,1
830133,BLU,0.961,22.537693170330527,1
830312,BLU,2.152,22.844663522019673,1
830661,BLU,2.066,22.35218272579944,1
831978,BLU,1.0,23.206825859110012,1
833042,BLU,1.442,22.874713670668765,1
833950,BLU,0.745,21.838849828026444,1
836473,BLU,1.455,21.442761856256205,1
837226,BLU,0.501,23.607455018411212,1
837364,BLU,1.59,22.920332097058257,1
837613,BLU,1.52,23.247973276619387,1
838188,BLU,1.741,21.828576092211797,1
840220,BLU,1.739,22.75587483917691,1
840278,BLU,0.958,22.99860802501938,1
841708,BLU,2.552,22.888797045544294,1
841730,BLU,1.954,21.905849829253548,1
842326,BLU,0.626,22.798167043296818,1
842650,BLU,2.16,23.072250363951955,1
843218,BLU,2.016,22.87909586418304,1
843284,BLU,3.286,21.880813785957397,1
843441,BLU,0.817,21.94448286144006,1
844372,BLU,1.013,22.850768716413548,1
846017,BLU,2.698,22.48273069726925,1
846068,BLU,1.38,24.999999980978924,1
846614,BLU,0.893,22.412040336084775,1
847966,BLU,0.882,21.71600392829078,1
848572,BLU,1.965,22.229681848590143,1
849718,BLU,1.245,21.963787882554694,1
849725,BLU,1.782,22.40043436441302,1
849908,BLU,2.921,22.215108585007805,1
850159,BLU,0.884,23.534026112436447,1
850194,BLU,1.083,23.689308875889303,1
850964,BLU,1.689,22.76327820448968,1
851396,BLU,1.557,23.09593608451867,1
851889,BLU,0.957,21.591065003616496,1
853324,BLU,1.752,22.832891950185537,1
853686,BLU,0.985,23.372912013227687,1
854839,BLU,2.945,23.243038027876977,1
856060,BLU,0.696,23.10720997835151,1
856250,BLU,1.977,22.75266291731008,1
856997,BLU,0.901,22.852784865910504,1
858490,BLU,1.451,23.390935100650875,1
859626,BLU,2.033,22.031008277459335,1
859808,BLU,0.696,23.181672105690122,1
860450,BLU,1.93,22.486756243976956,1
860713,BLU,1.041,22.191087511350943,1
861615,BLU,0.976,23.56454768218576,1
861654,BLU,0.98,21.643452949123557,1
862058,BLU,2.111,21.85733262398228,1
862187,BLU,1.021,22.477048871181857,1
863637,BLU,1.101,22.037427405241733,1
864044,BLU,1.324,22.579783648748894,1
864124,BLU,0.667,22.195249075714937,1
867448,BLU,0.828,23.513217568836357,1
868068,BLU,0.936,22.32553619783817,1
868663,BLU,2.569,23.255272495470493,1
868816,BLU,1.526,23.72181060483746,1
869891,BLU,1.447,22.53715140471603,1
870620,BLU,1.863,23.07918123641481,1
872373,BLU,2.084,22.65427282154057,1
872567,BLU,1.578,23.309630134782633,1
872825,BLU,2.141,22.969881651303705,1
873407,BLU,1.911,22.11059017978305,1
873499,BLU,1.325,22.305028719792094,1
874308,BLU,1.837,20.698971204907537,1
874405,BLU,1.383,22.088136103017394,1
875924,BLU,0.866,23.0386201741484,1
876053,BLU,0.519,21.95424295618026,1
876270,BLU,1.877,22.49748254490457,1
876386,BLU,0.346,22.426511557934425,1
878566,BLU,1.183,22.250127100720302,1
879130,BLU,1.002,23.07088712179282,1
880457,BLU,2.987,21.5314794021339,1
880531,BLU,2.45,22.19795285969393,1
880940,BLU,0.677,22.42275392708731,1
881206,BLU,1.265,22.190332344706032,1
881532,BLU,0.933,23.43616263884083,1
882198,BLU,2.585,23.160168294687708,1
882505,BLU,1.744,23.214843809792125,1
882514,BLU,0.857,22.465383088311075,1
883418,BLU,0.937,22.875061253758886,1
884345,BLU,1.336,23.40942585279076,1
885498,BLU,1.949,23.59659708104203,1
885972,BLU,0.693,22.244771738281468,1
887753,BLU,2.082,21.88081375378819,1
887755,BLU,1.101,22.532755036999706,1
887855,BLU,1.565,23.24895360542188,1
889383,BLU,1.072,22.414421758653457,1
889659,BLU,0.437,22.962464021242003,1
890018,BLU,1.782,22.737828505992336,1
890192,BLU,2.346,22.178977137135035,1
890662,BLU,1.11,23.698970010350315,1
890841,BLU,3.082,23.212187573172375,1
890984,BLU,1.749,22.973127835643957,1
892998,BLU,1.488,21.556306397460904,1
893033,BLU,0.437,23.561101404106836,1
893764,BLU,0.902,22.397940155510277,1
895142,BLU,2.079,22.67760731454198,1
895293,BLU,1.228,22.61172338732202,1
895496,BLU,3.355,22.07518183774794,1
896198,BLU,0.892,22.990338847554654,1
897299,BLU,1.946,23.20411997302311,1
898354,BLU,2.005,22.220108242183418,1
898541,BLU,1.659,23.111598533702214,1
899537,BLU,1.3,24.18723859062707,1
900353,BLU,2.571,23.40329213351623,1
900425,BLU,1.174,22.12807600623989,1
901001,BLU,1.346,23.178976955794422,1
903092,BLU,0.269,22.808548541303647,1
904265,BLU,1.233,23.766412842838186,1
904278,BLU,0.481,20.903090301303045,1
904792,BLU,1.593,22.825815452410918,1
905166,BLU,1.062,22.991978813597967,1
905416,BLU,0.916,23.392696942043138,1
905623,BLU,2.224,23.419955725470636,1
905676,BLU,2.77,23.397940014686334,1
906057,BLU,0.919,23.436798488866522,1
906149,BLU,1.405,21.568202001209634,1
906578,BLU,1.289,22.16731747546595,1
907675,BLU,0.519,23.299289321312877,1
908032,BLU,1.124,22.22378139861379,1
908790,BLU,1.407,22.49876528912612,1
908883,BLU,2.402,23.60010124743389,1
909228,BLU,0.538,23.1293675916079,1
909256,BLU,0.431,21.805296911057372,1
910004,BLU,1.446,22.30107286676974,1
910029,BLU,1.407,22.367728530415402,1
910400,BLU,1.355,23.332438441185637,1
911723,BLU,0.959,22.0523091181044,1
912005,BLU,0.659,22.931610392654907,1
912632,BLU,1.071,22.332438959723223,1
912859,BLU,1.258,23.521138078784208,1
913115,BLU,1.213,22.624282659496163,1
913374,BLU,1.284,22.501059325390877,1
913465,BLU,0.662,22.696356354701106,1
913755,BLU,1.526,22.49692964217777,1
913945,BLU,0.96,23.06445798633855,1
914572,BLU,1.436,22.20655602060846,1
915041,BLU,1.858,23.173768809308903,1
915144,BLU,1.456,22.47130232917136,1
915357,BLU,1.827,23.217483946434964,1
916005,BLU,1.123,23.803457113396313,1
917401,BLU,0.91,22.08278537523157,1
918542,BLU,0.64,23.139879093776152,1
918850,BLU,0.859,22.040602337962802,1
919136,BLU,0.828,22.55364033818737,1
919208,BLU,1.127,23.206825859110012,1
920788,BLU,2.006,22.717387579761294,1
920938,BLU,1.23,23.093421669220106,1
921233,BLU,1.744,21.81291364039322,1
921761,BLU,1.465,23.16731732245429,1
922078,BLU,0.982,22.76492298442685,1
922222,BLU,2.045,23.29468658825057,1
923300,BLU,1.03,22.093526706659507,1
923854,BLU,1.971,22.7134905402708,1
924566,BLU,3.465,24.459160186852177,1
925351,BLU,0.58,24.061870714043494,1
926105,BLU,2.177,21.87174802044847,1
926828,BLU,2.646,23.64933483329189,1
927024,BLU,2.63,22.78318931879741,1
928600,BLU,0.849,22.046924140264924,1
929532,BLU,1.335,23.139879093776152,1
929682,BLU,0.899,23.430075058125265,1
930422,BLU,2.628,22.966798542155423,1
931078,BLU,0.867,22.414973330815357,1
933352,BLU,1.438,22.48429990666696,1
933658,BLU,1.36,22.103803954654087,1
933659,BLU,1.288,23.0441475896905,1
933976,BLU,2.666,22.781683547261235,1
934234,BLU,2.582,21.531479222364904,1
934343,BLU,2.074,23.645815130592418,1
934368,BLU,0.979,23.999565487599263,1
934419,BLU,1.178,22.643442780613473,1
934667,BLU,0.904,22.545307109061945,1
934843,BLU,1.534,22.539076080115393,1
935652,BLU,0.793,23.999565487599263,1
935830,BLU,1.685,24.086288640105447,1
936454,BLU,1.399,24.136121010966846,1
937194,BLU,2.052,22.807264329303578,1
938102,BLU,1.569,22.5122840633894,1
938172,BLU,1.141,22.8564267489543,1
940048,BLU,0.433,22.499274570896418,1
941454,BLU,0.393,22.13481434720865,1
942113,BLU,1.126,22.422113598191583,1
943783,BLU,0.851,23.480006951458403,1
944255,BLU,1.165,21.996599208888274,1
944497,BLU,1.79,22.925363616703603,1
944796,BLU,1.063,23.39863431615535,1
945309,BLU,0.737,23.507855854773993,1
946338,BLU,1.411,23.95904139558425,1
946957,BLU,3.117,21.845098533323913,1
948105,BLU,1.004,21.740362973244608,1
948765,BLU,0.734,23.880241778116538,1
948864,BLU,2.293,21.98677190207483,1
950319,BLU,1.641,22.330819426547666,1
950643,BLU,0.95,21.7415848823769,1
950905,BLU,1.447,22.079181733536192,1
951101,BLU,0.877,23.32633585867665,1
951207,BLU,1.221,23.30903363951447,1
951915,BLU,1.717,23.92116604944761,1
953044,BLU,1.581,22.79281176552333,1
953097,BLU,0.803,22.8122446708936,1
953656,BLU,0.743,22.74710090926715,1
953879,BLU,2.106,22.472418530925342,1
956746,BLU,1.451,22.67851835218564,1
958853,BLU,0.76,22.640093701047277,1
959304,BLU,1.984,23.413299758979456,1
959416,BLU,1.14,24.664641977777183,1
959558,BLU,1.258,23.829946670106196,1
960437,BLU,2.021,22.959518344582317,1
961107,BLU,1.117,22.88337748855821,1
962101,BLU,2.755,22.390935402779885,1
963352,BLU,2.279,23.367355913072082,1
963819,BLU,1.295,22.210586008768775,1
963837,BLU,1.5,24.07554694847251,1
964436,BLU,1.857,22.47856710586678,1
964637,BLU,0.864,23.083502617943548,1
965224,BLU,1.246,22.87616008887545,1
965226,BLU,1.453,22.864214334464926,1
966231,BLU,2.387,22.904877739848605,1
966659,BLU,1.904,21.806180211893142,1
967393,BLU,2.344,23.26717172934257,1
967738,BLU,0.807,23.20809181672235,1
968194,BLU,2.553,22.784189212979513,1
969348,BLU,1.271,22.193653233131464,1
969735,BLU,1.896,22.340899950512213,1
969737,BLU,0.85,23.999565487599263,1
969825,BLU,4.846,23.4014005373579,1
970077,BLU,0.665,21.89762727600853,1
970405,BLU,1.378,22.933487262714678,1
970695,BLU,2.13,22.20983660893839,1
970795,BLU,0.346,21.741545518137514,1
971360,BLU,0.768,23.658964826168855,1
971458,BLU,0.576,22.807535008687065,1
973211,BLU,2.409,23.385248697903737,1
973644,BLU,0.297,22.663701167773635,1
973983,BLU,2.898,22.612783818464163,1
974185,BLU,1.599,22.15533684438074,1
974850,BLU,0.704,22.789580691101097,1
975463,BLU,2.27,22.565847820733516,1
977224,BLU,1.73,22.587711055454804,1
977238,BLU,1.487,24.070362973710093,1
977626,BLU,1.199,22.32633584945076,1
977680,BLU,1.998,23.73639648187747,1
978031,BLU,2.269,22.88705435167513,1
979202,BLU,3.03,22.550595190259763,1
979253,BLU,0.667,23.096910019022353,1
979356,BLU,1.76,22.56021758837887,1
979571,BLU,1.529,22.256477220447948,1
980722,BLU,2.147,22.79126946925325,1
981441,BLU,1.325,22.843856559621468,1
982563,BLU,2.902,22.421406472831862,1
983135,BLU,1.481,22.146128005089476,1
983360,BLU,1.921,22.636488194784178,1
983575,BLU,1.996,22.974971979692658,1
984339,BLU,4.12,23.979092907834776,1
984811,BLU,2.329,24.45824341784805,1
986629,BLU,0.884,22.898889654736458,1
986752,BLU,2.147,22.08990532760829,1
987588,BLU,1.317,22.677607109091632,1
989105,BLU,2.341,22.927934670584477,1
990154,BLU,2.836,22.83524653099231,1
990857,BLU,1.328,22.447158315092583,1
992437,BLU,1.56,23.390935100650875,1
994707,BLU,0.681,22.926342431431074,1
994841,BLU,2.335,23.361727809377054,1
995278,BLU,1.584,22.580354649931685,1
995941,BLU,1.101,23.19865709217646,1
996455,BLU,0.905,22.437750550332265,1
996834,BLU,1.209,23.68663624514142,1
996963,BLU,2.798,22.19340289894268,1
997351,BLU,3.423,21.11394360784729,1
997928,BLU,1.549,22.65030748637047,1
998781,BLU,1.257,21.748188363146397,1
999077,BLU,0.341,23.48101243445584,1
999693,BLU,2.091,23.629409591306423,1
1000894,BLU,0.737,21.631260035860095,1
1002511,BLU,1.11,23.62013605378363,1
1002786,BLU,1.441,22.629001601565918,1
1002909,BLU,1.519,22.914343155586533,1
1003627,BLU,1.702,22.775974301184146,1
1003852,BLU,3.662,22.150768719668275,1
1003860,BLU,0.95,22.60064621612014,1
1005059,BLU,1.565,22.559906616480927,1
1005199,BLU,1.259,22.798650625240086,1
1007468,BLU,0.501,21.691081488067027,1
1007567,BLU,1.265,22.579783597278148,1
1008790,BLU,1.724,22.855034327470392,1
1011026,BLU,0.867,22.64738294990944,1
1011872,BLU,0.896,23.361274418922367,1
1012151,BLU,2.549,23.184691423741505,1
1014235,BLU,1.258,22.922673544810998,1
1015934,BLU,1.557,22.524785456746937,1
1017947,BLU,0.609,23.73559889581798,1
1027650,BLU,2.584,22.098920455570557,1
1027878,BLU,0.728,22.971275827403396,1
1028133,BLU,1.329,23.999565487599263,1
1028869,BLU,2.016,23.663700913211212,1
1030424,BLU,3.346,23.999565487599263,1
1032553,BLU,1.994,23.136720554668283,1
1035849,BLU,1.252,22.705778194184603,1
1036639,BLU,1.235,22.113943410377853,1
1037259,BLU,0.612,22.432167264871225,1
1042830,BLU,0.695,22.03096384013992,1
1043557,BLU,1.13,22.675778330390735,1
1045700,BLU,2.642,21.838849792593738,1
1045904,BLU,0.623,23.584331222884256,1
1046875,BLU,0.814,23.11058967943974,1
1047454,BLU,0.812,21.864184640843927,1
1049136,BLU,1.81,22.577492158615,1
1050399,BLU,1.434,23.51719592755383,1
1052385,BLU,1.26,23.075546928749265,1
1053990,BLU,0.942,22.364513472440592,1
1066042,BLU,1.686,22.149219365194778,1
1075948,BLU,1.112,23.250419961909294,1
1082900,BLU,1.553,22.181844199820826,1
1086000,BLU,1.071,22.389166098681375,1
1093775,BLU,1.598,22.37664991894479,1
201680,RED,0.818,24.27804,0
215821,RED,1.287,24.12987,0
216308,RED,3.3632,23.98923,0
221280,RED,2.2348,23.97406,0
221793,RED,1.9672,23.86504,0
221933,RED,3.4885,23.65087,0
223756,RED,2.0787,24.05295,0
223968,RED,1.3709,23.84452,0
224665,RED,2.3011,24.06128,0
226472,RED,2.3249,23.99795,0
228653,RED,3.4372,24.15872,0
230426,RED,2.5113,21.95693,0
234745,RED,1.0769,23.76176,0
238114,RED,1.4219,24.15582,0
239310,RED,1.154,24.09184,0
239627,RED,1.7982,23.96205,0
240778,RED,2.1029,24.00988,0
243027,RED,2.0661,23.31905,0
245362,RED,2.4983,23.09552,0
251243,RED,0.7507,23.44071,0
251852,RED,2.0037,23.96617,0
253510,RED,2.2262,23.76766,0
256906,RED,1.8101,24.21502,0
257247,RED,1.3434,24.14627,0
257886,RED,1.891,23.9581,0
258594,RED,2.5895,25.0,0
259215,RED,1.8742,23.94456,0
261822,RED,2.6109,25.0,0
266916,RED,2.8553,25.0,0
272293,RED,3.0311,23.62974,0
272738,RED,2.1673,23.95058,0
273260,RED,2.2324,24.08337,0
274051,RED,0.8987,24.17576,0
275098,RED,1.5843,24.21624,0
275452,RED,1.9147,24.0927,0
275629,RED,0.7152,25.0,0
278202,RED,3.6521,25.0,0
278898,RED,0.339,21.0,0
279689,RED,2.7799,24.12347,0
280625,RED,1.676,23.35739,0
281548,RED,2.531,23.37385,0
283629,RED,1.0724,21.0,0
284435,RED,3.2311,23.38721,0
285385,RED,1.7195,24.15902,0
285984,RED,1.1325,23.27701,0
287155,RED,2.3376,23.62907,0
287834,RED,3.8179,23.63854,0
288793,RED,1.3949,23.92357,0
303302,RED,0.0152,21.0,0
303625,RED,1.8635,25.0,0
304818,RED,1.44,23.5778,0
304928,RED,2.344,23.6705,0
307055,RED,2.5912,23.79996,0
308287,RED,0.2843,23.7703,0
309365,RED,4.1266,24.13127,0
311246,RED,1.4535,24.0703,0
314341,RED,2.2387,23.71575,0
314722,RED,1.9242,23.92897,0
314810,RED,3.4992,23.59302,0
317748,RED,1.4485,24.0598,0
317991,RED,2.6778,22.81981,0
318426,RED,2.6902,23.63283,0
321176,RED,2.3255,25.0,0
325140,RED,3.3145,23.75825,0
325177,RED,2.3426,23.81283,0
328457,RED,0.5545,23.9367,0
330332,RED,2.1312,23.28823,0
335753,RED,3.2182,23.27238,0
337738,RED,2.8974,24.16513,0
338083,RED,1.7792,24.09721,0
338765,RED,2.4116,23.82517,0
340238,RED,3.7672,24.50192,0
343447,RED,1.6812,23.63896,0
345290,RED,2.6222,24.28302,0
346443,RED,3.6109,23.68,0
347369,RED,2.9687,23.54217,0
347873,RED,2.6066,23.80589,0
348191,RED,3.4344,23.49686,0
348999,RED,2.5976,23.64593,0
351641,RED,0.4201,24.18704,0
351929,RED,1.5087,21.40536,0
352012,RED,1.4855,23.92379,0
352229,RED,3.3562,24.15263,0
352947,RED,1.6324,24.04615,0
354213,RED,1.6347,23.91322,0
354871,RED,3.1138,23.58267,0
356643,RED,1.1317,21.83261,0
356973,RED,1.8353,24.10432,0
357444,RED,1.339,23.51759,0
359584,RED,2.627,25.0,0
360003,RED,1.6555,24.16709,0
361365,RED,2.0865,23.6619,0
361844,RED,2.7174,23.70083,0
362846,RED,2.4227,23.89635,0
363407,RED,1.7094,23.51545,0
366352,RED,1.1517,24.16252,0
367234,RED,1.7191,25.0,0
370490,RED,0.934,21.0,0
371377,RED,1.3701,24.51008,0
372919,RED,3.4913,21.0,0
374655,RED,3.9903,23.68356,0
375204,RED,1.2343,23.91994,0
380494,RED,0.394,21.78986,0
381942,RED,2.2061,23.00278,0
383334,RED,2.0933,23.88103,0
389479,RED,1.8841,23.76458,0
391780,RED,0.3372,25.0,0
392551,RED,4.2422,23.69763,0
395780,RED,2.5862,23.5932,0
396322,RED,2.8342,25.0,0
398483,RED,3.1838,25.0,0
398986,RED,1.9794,23.88872,0
399890,RED,1.7847,24.56468,0
401271,RED,0.5745,23.04477,0
402222,RED,0.753,25.0,0
402379,RED,2.1346,23.97793,0
403459,RED,1.9062,23.81603,0
404550,RED,3.6732,23.6251,0
406283,RED,0.7702,21.0,0
406312,RED,2.6345,23.92643,0
408892,RED,3.2302,23.8933,0
410459,RED,2.2219,23.93421,0
410490,RED,1.2175,23.55828,0
411095,RED,0.969,21.0,0
411456,RED,2.8543,23.84339,0
413145,RED,2.6918,23.76127,0
415894,RED,2.2957,24.02318,0
417645,RED,0.66,25.0,0
418665,RED,1.3219,22.17024,0
420753,RED,2.7238,23.83143,0
421977,RED,2.6721,25.0,0
423114,RED,1.8704,23.21824,0
423620,RED,3.1207,23.56409,0
424758,RED,0.3728,24.92035,0
425969,RED,3.2926,23.54534,0
426235,RED,2.3268,23.83822,0
430033,RED,4.5875,23.37983,0
432776,RED,3.0938,25.0,0
434118,RED,0.3755,23.65281,0
436688,RED,0.565,21.0,0
436694,RED,2.2218,24.25741,0
439937,RED,2.257,23.92547,0
441206,RED,2.6884,23.88446,0
441615,RED,3.1887,23.62847,0
441945,RED,1.3138,24.01394,0
444473,RED,2.1263,24.06917,0
445389,RED,1.0683,24.35216,0
446438,RED,2.929,23.16367,0
450233,RED,1.6996,23.90362,0
450661,RED,2.3419,23.76009,0
453243,RED,0.358,24.24464,0
453918,RED,2.7511,23.86173,0
455355,RED,2.0794,24.00014,0
457348,RED,2.1596,23.80153,0
459149,RED,3.1057,23.77296,0
464014,RED,2.9093,23.73371,0
466118,RED,2.3939,23.10209,0
466186,RED,0.4798,24.53453,0
467878,RED,2.6052,23.79203,0
469153,RED,1.3338,24.15111,0
475206,RED,0.43,24.35386,0
478338,RED,3.1467,22.53671,0
482650,RED,0.6974,21.0,0
483000,RED,1.8265,24.09145,0
485106,RED,0.066,23.61483,0
485550,RED,2.3641,25.0,0
487846,RED,1.4253,24.0416,0
489390,RED,0.7753,25.0,0
489601,RED,0.842,25.0,0
491658,RED,1.2441,22.10396,0
500105,RED,2.7647,23.62419,0
500354,RED,1.9351,23.93503,0
502020,RED,2.6281,23.61773,0
503996,RED,0.9708,24.11151,0
509017,RED,2.7956,23.67264,0
509367,RED,3.1663,23.70725,0
512397,RED,2.1661,23.99505,0
515190,RED,3.9816,22.41516,0
520863,RED,1.2046,24.20204,0
520908,RED,3.5905,23.33281,0
521987,RED,1.6971,25.0,0
524890,RED,3.0142,23.36514,0
526158,RED,4.1102,21.0,0
530898,RED,2.8831,23.85495,0
534284,RED,0.85,24.45356,0
534652,RED,2.4457,23.52545,0
536268,RED,1.2563,24.01145,0
536362,RED,1.4764,23.0295,0
539350,RED,1.0114,23.72572,0
541777,RED,1.7268,23.82217,0
541867,RED,2.602,23.29983,0
541957,RED,2.7038,25.0,0
542444,RED,1.2514,24.45511,0
542937,RED,2.0593,23.80297,0
543209,RED,0.9762,25.0,0
543250,RED,0.2886,23.07906,0
544316,RED,0.353,21.0,0
546422,RED,2.2036,25.0,0
547199,RED,0.9441,23.81694,0
548204,RED,1.4253,23.407,0
556195,RED,2.4783,23.21532,0
558207,RED,1.7721,23.68776,0
560406,RED,3.5008,23.94027,0
560439,RED,1.142,22.91557,0
560724,RED,2.1312,24.87189,0
566537,RED,2.6207,23.69925,0
569840,RED,1.0255,24.49332,0
573530,RED,1.7847,24.10756,0
577243,RED,2.6266,23.78196,0
580386,RED,1.4706,23.97452,0
582580,RED,2.5246,23.98498,0
587450,RED,2.5449,24.02661,0
589074,RED,0.1582,21.0,0
589289,RED,3.3559,25.0,0
592619,RED,2.467,24.11141,0
592950,RED,1.8086,25.0,0
594084,RED,1.4707,23.97745,0
596663,RED,1.4523,24.24583,0
598007,RED,1.0142,24.71593,0
600601,RED,2.1755,24.04851,0
603779,RED,1.873,23.79716,0
608176,RED,3.4285,23.5658,0
611907,RED,1.6469,22.02047,0
614402,RED,2.066,22.85023,0
617270,RED,0.263,23.82961,0
617702,RED,3.5435,24.00794,0
618028,RED,1.6187,23.48808,0
618600,RED,1.7208,22.75433,0
624608,RED,2.565,23.75141,0
625792,RED,1.3987,24.48081,0
627449,RED,2.5529,23.68991,0
627823,RED,0.886,21.0,0
631511,RED,1.5169,23.99732,0
634499,RED,1.9929,22.66891,0
637404,RED,1.6787,23.91923,0
639429,RED,1.0135,24.81777,0
640026,RED,1.9021,23.97076,0
642407,RED,0.27,22.35606,0
643101,RED,0.844,25.0,0
645978,RED,0.26,24.76462,0
646384,RED,1.497,25.0,0
646790,RED,0.426,23.33973,0
656427,RED,2.097,23.95269,0
664407,RED,1.2122,23.8375,0
666570,RED,1.6548,24.01288,0
668515,RED,1.835,23.75978,0
669251,RED,1.094,24.23707,0
670310,RED,1.8065,23.69704,0
670392,RED,1.9866,25.0,0
672635,RED,2.528,23.08612,0
673600,RED,0.9281,24.97157,0
677506,RED,1.7469,23.68507,0
679317,RED,2.543,25.0,0
679793,RED,1.4212,24.01106,0
681106,RED,0.246,24.78268,0
683931,RED,1.467,24.30432,0
686231,RED,0.3903,25.0,0
690669,RED,1.834,24.18415,0
691473,RED,0.3851,25.0,0
692737,RED,2.8525,25.0,0
692950,RED,0.59,21.62165,0
693220,RED,1.8097,23.88162,0
698831,RED,1.8074,24.06432,0
700004,RED,1.15,24.06841,0
700458,RED,1.5927,23.88768,0
705542,RED,1.1895,23.74301,0
706011,RED,2.1681,24.59007,0
709504,RED,0.3786,23.77211,0
720095,RED,2.3197,23.92115,0
721789,RED,1.331,24.28721,0
726507,RED,1.8236,23.69175,0
732463,RED,2.7116,24.37398,0
732491,RED,1.565,23.88494,0
734276,RED,2.5673,24.46418,0
746850,RED,1.7381,24.05306,0
747295,RED,0.6639,24.32825,0
747850,RED,3.3893,23.39826,0
748479,RED,1.2446,23.74958,0
750927,RED,1.3017,24.04556,0
754996,RED,2.5094,23.75824,0
755554,RED,1.8619,23.91247,0
761586,RED,0.4257,24.53261,0
765901,RED,0.7301,25.0,0
766678,RED,1.4501,24.17759,0
768071,RED,2.7729,24.14814,0
773923,RED,1.6272,25.0,0
775958,RED,1.4535,24.17994,0
776479,RED,1.4079,23.76136,0
779075,RED,1.5394,24.32885,0
780916,RED,1.6965,23.87636,0
784193,RED,2.8311,23.74391,0
785831,RED,2.7494,23.66522,0
785995,RED,2.6822,23.88432,0
793374,RED,1.995,25.0,0
795129,RED,0.3701,24.09909,0
797542,RED,4.2427,23.05311,0
799025,RED,3.9959,21.0,0
803529,RED,0.3116,21.0,0
803627,RED,1.4528,25.0,0
804344,RED,1.317,24.15162,0
804380,RED,1.519,24.17626,0
806151,RED,1.8693,21.0,0
810210,RED,2.9358,24.02629,0
810667,RED,2.5724,23.80013,0
813637,RED,1.9393,23.52179,0
820694,RED,2.3874,23.68246,0
820975,RED,1.1208,24.46616,0
821415,RED,2.6557,23.7872,0
826524,RED,2.307,23.85069,0
827594,RED,1.209,24.11054,0
831151,RED,4.153,23.10348,0
831543,RED,3.1519,23.35299,0
831841,RED,1.773,23.98092,0
832262,RED,2.0107,23.97652,0
836198,RED,0.833,23.55908,0
837646,RED,1.3934,23.94004,0
840107,RED,0.5221,22.97086,0
841248,RED,0.7562,22.59029,0
841273,RED,2.9538,23.6694,0
842140,RED,2.7759,23.69929,0
842498,RED,3.0446,25.0,0
842737,RED,1.426,21.23732,0
844527,RED,1.2433,24.06651,0
845256,RED,1.1416,21.0,0
845473,RED,2.1067,23.88478,0
848905,RED,2.3551,23.80275,0
852184,RED,1.2739,23.67524,0
852430,RED,1.9105,23.72521,0
852812,RED,3.1724,23.31781,0
856938,RED,3.2686,23.75011,0
857299,RED,2.086,23.83055,0
858160,RED,2.9571,25.0,0
863368,RED,1.2567,24.19087,0
865363,RED,1.871,21.0,0
867476,RED,0.8431,24.65878,0
867695,RED,1.7719,24.15178,0
879229,RED,1.5641,24.60965,0
879816,RED,1.6425,21.0,0
882859,RED,2.7623,23.77936,0
887727,RED,0.0238,23.6938,0
888580,RED,4.3732,23.52006,0
892772,RED,0.5093,21.0,0
897425,RED,1.8155,23.71968,0
897459,RED,1.7781,23.86706,0
903144,RED,1.9315,23.87261,0
905046,RED,1.7878,22.88688,0
905280,RED,3.0417,24.34533,0
906724,RED,1.755,24.14567,0
909582,RED,2.8485,24.27759,0
913622,RED,1.7477,24.41713,0
913642,RED,1.2647,23.64111,0
915296,RED,3.1716,23.65191,0
915575,RED,2.6399,23.73888,0
915786,RED,1.7952,24.0075,0
915891,RED,2.0579,23.9803,0
915907,RED,1.4163,24.40888,0
922605,RED,0.4495,23.80686,0
922752,RED,2.9634,23.71288,0
922845,RED,0.7051,21.21484,0
923134,RED,2.3685,24.01671,0
924433,RED,2.2927,23.59123,0
925835,RED,1.4874,23.26885,0
926246,RED,2.9313,24.15214,0
926334,RED,1.6954,24.1149,0
928212,RED,1.6813,24.05172,0
929598,RED,0.47,25.0,0
930709,RED,2.4021,23.98331,0
931754,RED,0.7178,24.22894,0
932000,RED,2.5996,21.0,0
932061,RED,3.667,23.77816,0
933351,RED,0.933,24.89857,0
934325,RED,1.7926,24.15337,0
937060,RED,2.0789,23.63604,0
937529,RED,3.2073,23.86418,0
940208,RED,2.4417,23.90855,0
940652,RED,2.9114,23.78036,0
941159,RED,1.2605,21.79173,0
942882,RED,1.7397,24.03085,0
947828,RED,3.2316,23.44827,0
951838,RED,3.0082,25.0,0
953566,RED,2.5451,23.91755,0
958752,RED,3.2148,23.53136,0
959121,RED,3.2765,23.61785,0
960163,RED,1.4476,23.8779,0
960955,RED,3.1461,23.60576,0
961361,RED,2.3653,23.98595,0
962023,RED,2.4893,23.92721,0
962990,RED,1.4369,24.08653,0
965936,RED,1.2612,24.53482,0
966326,RED,1.7868,22.81337,0
966600,RED,2.1748,24.11795,0
967157,RED,0.2269,25.0,0
967345,RED,2.0183,23.95857,0
969164,RED,1.9497,23.97448,0
970723,RED,2.0282,23.97079,0
971058,RED,1.4467,23.9328,0
976376,RED,2.3529,24.23914,0
977204,RED,2.683,23.84145,0
977394,RED,1.9349,24.00222,0
979382,RED,0.4952,24.02277,0
982199,RED,1.1409,24.74611,0
986430,RED,0.9415,24.08499,0
987184,RED,3.1081,22.6337,0
991379,RED,1.802,23.91304,0
1006168,RED,1.103,24.56427,0
1009161,RED,1.277,24.53495,0
1036028,RED,1.501,24.31207,0
1037829,RED,1.129,23.92835,0
1043803,RED,1.097,23.78816,0
143648,GRN,1.766,21.0,0
149081,GRN,1.242,21.0,0
172592,GRN,1.24,21.0,0
189307,GRN,2.278,21.0,0
216708,GRN,1.13,21.0,0
233916,GRN,6.062,21.0,0
241554,GRN,1.902,21.0,0
264588,GRN,1.0,21.0,0
271177,GRN,2.107,21.0,0
279879,GRN,2.577,21.0,0
330333,GRN,1.039,21.0,0
353402,GRN,2.177,21.0,0
364116,GRN,2.936,21.0,0
379302,GRN,2.483,21.0,0
402319,GRN,3.306,21.0,0
417652,GRN,2.421,21.0,0
423522,GRN,2.377,21.0,0
433236,GRN,1.916,21.0,0
433662,GRN,1.363,21.0,0
435741,GRN,2.452,21.0,0
437924,GRN,1.55,21.0,0
440292,GRN,2.446,21.0,0
446680,GRN,2.146,21.0,0
451179,GRN,2.825,21.0,0
507179,GRN,2.65,21.0,0
536630,GRN,2.572,21.0,0
544769,GRN,2.392,21.0,0
559688,GRN,2.844,21.0,0
571753,GRN,1.249,21.0,0
582749,GRN,3.225,21.0,0
608549,GRN,2.149,21.0,0
624284,GRN,2.536,21.0,0
632339,GRN,2.673,21.0,0
643313,GRN,1.54,21.0,0
648114,GRN,2.522,21.0,0
648173,GRN,1.843,21.0,0
676717,GRN,1.948,21.0,0
687071,GRN,1.588,21.0,0
687898,GRN,2.155,21.0,0
690687,GRN,2.049,21.0,0
699088,GRN,3.375,21.0,0
765037,GRN,2.915,21.0,0
779324,GRN,1.911,21.0,0
782146,GRN,2.089,21.0,0
794848,GRN,2.199,21.0,0
822926,GRN,1.736,21.0,0
882407,GRN,1.852,21.0,0
901487,GRN,2.51,21.0,0
907047,GRN,2.225,21.0,0
928556,GRN,2.235,21.0,0
957935,GRN,2.861,21.0,0
979733,GRN,2.407,21.0,0
992147,GRN,0.729,21.0,0
996570,GRN,1.99,21.0,0
997300,GRN,2.276,21.0,0
1024095,GRN,2.095,21.0,0
1025621,GRN,3.548,21.0,0
1044900,GRN,2.53,21.0,0
1075967,GRN,1.519,21.0,0
87390,BLU,1.266,21.0,0
134731,BLU,1.731,21.0,0
138914,BLU,0.926,21.0,0
149480,BLU,0.967,21.47212,0
158738,BLU,1.842,21.41932,0
163682,BLU,3.567,21.0,0
165901,BLU,1.253,21.0,0
173384,BLU,1.164,22.33478,0
176906,BLU,1.44,21.0,0
179996,BLU,1.919,21.0,0
180462,BLU,1.5,21.0,0
196126,BLU,0.518,21.0,0
203041,BLU,0.839,23.2653,0
214195,BLU,1.26,21.76502,0
215651,BLU,1.428,21.0,0
226060,BLU,1.741,21.0,0
229382,BLU,2.772,21.71265,0
233214,BLU,3.482,21.0,0
233595,BLU,1.488,22.12244,0
241219,BLU,2.006,21.0,0
246950,BLU,1.274,21.0,0
249379,BLU,0.748,22.70055,0
255882,BLU,3.078,21.0,0
263599,BLU,0.549,21.27261,0
272081,BLU,1.25,21.0,0
272441,BLU,1.372,21.0,0
280685,BLU,1.524,22.30648,0
281176,BLU,1.331,21.0,0
284560,BLU,1.558,21.0,0
288867,BLU,3.297,21.0,0
291291,BLU,1.697,22.49411,0
291911,BLU,1.268,21.0,0
292658,BLU,1.755,21.0,0
293988,BLU,3.126,21.0,0
294223,BLU,2.625,21.0,0
294233,BLU,1.777,21.0,0
299361,BLU,1.749,22.58043,0
300070,BLU,3.187,21.0,0
308866,BLU,0.831,22.11531,0
311121,BLU,2.93,21.0,0
311789,BLU,1.461,21.0,0
320435,BLU,1.988,21.87296,0
323420,BLU,0.427,21.99082,0
329946,BLU,1.43,21.0,0
332304,BLU,0.702,23.26096,0
342418,BLU,1.657,21.0,0
346257,BLU,1.948,22.65607,0
351374,BLU,1.022,23.3883,0
358659,BLU,1.094,21.89443,0
362713,BLU,3.295,21.0,0
364976,BLU,2.71,21.0,0
365069,BLU,1.622,21.0,0
366762,BLU,1.369,21.0,0
367586,BLU,2.242,21.0,0
368343,BLU,1.419,21.0,0
372362,BLU,1.145,21.86584,0
372880,BLU,0.969,22.13319,0
375903,BLU,1.229,21.0,0
380734,BLU,2.412,21.92566,0
381287,BLU,1.217,21.0,0
381301,BLU,1.358,21.0,0
382726,BLU,1.512,21.0,0
386137,BLU,1.399,21.0,0
386478,BLU,1.674,21.0,0
387336,BLU,1.624,21.0,0
390586,BLU,1.364,21.94737,0
400613,BLU,1.842,21.0,0
400634,BLU,1.034,21.0,0
401419,BLU,1.609,21.0,0
413764,BLU,1.962,21.6464,0
419166,BLU,1.513,21.23538,0
419932,BLU,1.977,21.0,0
426494,BLU,1.82,21.88763,0
429677,BLU,2.684,21.0,0
429896,BLU,1.423,21.0,0
431659,BLU,0.904,21.0,0
431959,BLU,1.427,21.0,0
434455,BLU,0.905,21.39889,0
440129,BLU,1.937,21.0,0
441227,BLU,2.397,21.0,0
451554,BLU,1.117,21.0,0
462601,BLU,0.673,22.79826,0
464786,BLU,0.987,21.82245,0
467289,BLU,1.171,21.0,0
471549,BLU,0.796,22.94483,0
471968,BLU,1.36,21.20915,0
478024,BLU,1.588,22.15732,0
478515,BLU,1.391,21.06926,0
478944,BLU,1.853,21.0,0
483016,BLU,1.092,21.45879,0
487345,BLU,1.248,21.3746,0
508095,BLU,1.856,22.92496,0
513139,BLU,1.798,24.6166,0
515652,BLU,2.09,21.0,0
523378,BLU,1.793,21.0,0
531730,BLU,1.826,21.0,0
534189,BLU,1.828,21.0,0
544338,BLU,4.13,21.0,0
544403,BLU,1.951,21.0,0
546832,BLU,1.48,21.0,0
548369,BLU,0.419,23.75273,0
549255,BLU,1.614,21.51663,0
561716,BLU,1.11,21.0,0
561934,BLU,1.845,23.58063,0
564556,BLU,1.259,23.30148,0
570316,BLU,0.809,21.86584,0
575531,BLU,1.306,21.0,0
576066,BLU,1.388,21.0,0
581456,BLU,2.433,21.74489,0
582204,BLU,1.241,21.0,0
583094,BLU,2.029,21.0,0
583448,BLU,1.232,21.0,0
584085,BLU,2.708,21.0,0
586693,BLU,1.766,21.0,0
591165,BLU,1.268,22.2511,0
606447,BLU,1.042,22.95476,0
612897,BLU,1.759,21.0,0
613802,BLU,2.238,21.0,0
614326,BLU,1.697,21.0,0
622937,BLU,2.063,21.0,0
628179,BLU,1.041,22.43013,0
629822,BLU,0.866,22.13785,0
629991,BLU,1.152,21.0,0
630399,BLU,1.776,21.0,0
632074,BLU,1.587,21.0,0
632105,BLU,1.372,21.0,0
635695,BLU,0.946,21.65772,0
637637,BLU,1.405,21.97117,0
639096,BLU,2.09,21.90391,0
642536,BLU,2.464,22.48031,0
642834,BLU,1.216,22.77507,0
644171,BLU,1.081,21.75729,0
651523,BLU,2.123,21.96908,0
670126,BLU,1.593,22.8554,0
671263,BLU,1.432,21.61069,0
680964,BLU,1.952,21.0,0
682463,BLU,1.581,21.0,0
688939,BLU,1.743,22.20605,0
691906,BLU,1.812,22.529,0
693134,BLU,1.484,21.0,0
693284,BLU,1.438,21.0,0
694934,BLU,2.975,21.0,0
697034,BLU,1.538,21.0,0
697623,BLU,1.266,22.44415,0
697703,BLU,2.975,21.0,0
699062,BLU,1.198,21.72871,0
713668,BLU,2.857,21.0,0
713709,BLU,3.108,21.31632,0
715196,BLU,1.34,21.0,0
715741,BLU,1.314,22.43989,0
728070,BLU,2.9,21.0,0
742528,BLU,0.957,22.0989,0
744093,BLU,0.882,22.5446,0
746142,BLU,1.672,21.0,0
752242,BLU,1.423,21.0,0
756126,BLU,1.964,22.04183,0
756319,BLU,0.73,21.15671,0
761810,BLU,1.433,21.68385,0
763427,BLU,1.127,21.55842,0
765086,BLU,2.589,22.63382,0
766102,BLU,0.965,22.07456,0
766363,BLU,0.935,21.0,0
769512,BLU,1.166,21.44746,0
770575,BLU,2.147,21.0,0
778849,BLU,2.049,21.0,0
780592,BLU,2.735,21.90934,0
797394,BLU,1.003,21.23975,0
798386,BLU,1.244,22.14038,0
811689,BLU,2.412,22.35094,0
818800,BLU,1.728,24.14779,0
823817,BLU,1.002,22.7507,0
824045,BLU,1.776,23.90118,0
824618,BLU,1.885,22.19629,0
825687,BLU,1.715,21.0,0
828282,BLU,1.798,21.50617,0
832754,BLU,1.35,21.0,0
833221,BLU,2.46,22.56076,0
838473,BLU,0.72,21.0,0
841798,BLU,1.164,21.65248,0
844666,BLU,1.274,22.19143,0
849175,BLU,0.666,22.06968,0
858942,BLU,1.089,21.21791,0
861087,BLU,0.927,21.0,0
863198,BLU,1.37,21.0,0
865420,BLU,1.578,21.0,0
879819,BLU,1.182,22.05507,0
884735,BLU,2.899,23.15438,0
887832,BLU,3.076,21.0,0
896953,BLU,1.569,21.82709,0
909560,BLU,1.951,22.30244,0
911580,BLU,2.844,21.74164,0
914504,BLU,1.956,21.0,0
917642,BLU,1.911,22.57741,0
926498,BLU,1.894,23.83537,0
931677,BLU,0.974,21.0,0
932845,BLU,2.018,21.12609,0
942572,BLU,1.276,21.0,0
944031,BLU,0.922,21.0,0
945375,BLU,0.922,22.49647,0
945484,BLU,1.333,23.37093,0
949168,BLU,1.259,21.79529,0
949619,BLU,2.636,21.0,0
950772,BLU,1.025,22.00638,0
956962,BLU,1.114,21.7384,0
958087,BLU,1.264,21.0,0
958959,BLU,1.703,21.0,0
961220,BLU,2.0,21.8279,0
964780,BLU,1.381,21.77901,0
964942,BLU,1.308,23.17565,0
975456,BLU,1.468,22.09403,0
979372,BLU,1.407,22.0145,0
980284,BLU,0.92,21.42801,0
980641,BLU,3.609,21.0,0
983801,BLU,2.16,21.61245,0
986443,BLU,2.93,24.07132,0
990363,BLU,2.62,22.7196,0
990597,BLU,1.326,22.10376,0
997373,BLU,0.34,21.0,0
997780,BLU,1.169,21.0,0
999915,BLU,1.983,21.0,0
1003876,BLU,0.826,21.39889,0
1012616,BLU,0.835,21.0,0
1014553,BLU,1.786,21.67863,0
1014611,BLU,1.065,21.0,0
1018631,BLU,2.737,21.0,0
1018850,BLU,1.202,21.0,0
1026757,BLU,0.952,21.0,0
1028206,BLU,1.808,22.82265,0
1030686,BLU,1.837,21.0,0
1034240,BLU,2.0,21.0,0
1035321,BLU,1.068,21.0,0
1075324,BLU,0.703,21.0,0
1103708,BLU,0.924,21.0,0
