ID,2016,2020
44036,-99,40840
7793,-99,41682
18756,-99,42161
18276,-99,44156
17829,-99,44644
20578,-99,46708
53068,-99,50290
60546,-99,51076
70594,-99,51997
70504,-99,54054
77177,-99,54340
77730,-99,55042
84432,-99,56048
87664,-99,56650
85793,-99,56896
91899,-99,58115
93090,-99,58653
95735,-99,59394
95919,-99,59886
95347,-99,60010
97068,-99,60216
99182,-99,61593
100728,1866,61879
102585,-99,62054
100286,-99,62367
102265,-99,62384
101713,-99,62577
104506,-99,63082
104611,-99,63268
105632,-99,63344
106923,-99,64752
106559,-99,64838
107745,-99,64927
107318,-99,65166
110707,2743,66958
113382,-99,67792
89794,-99,68370
114520,-99,69080
114177,-99,69156
115366,-99,69389
114528,-99,69443
114102,-99,69513
113589,-99,69540
115883,-99,69897
115701,-99,70968
117420,-99,71507
116813,-99,71704
117797,-99,72829
119715,-99,73357
118912,-99,73747
120140,-99,75432
121295,-99,75792
121650,-99,76108
123309,-99,76924
122087,-99,76986
123228,1842,77706
123688,-99,78790
125521,-99,79639
125483,-99,80031
124329,-99,80435
125945,-99,81416
126339,-99,81738
127268,-99,82658
127585,-99,83652
127861,-99,85012
130295,-99,86290
131282,-99,86715
131496,-99,87471
127076,-99,87681
132879,-99,88233
132015,-99,88235
134628,-99,91654
134791,-99,92099
135064,-99,92144
135438,-99,92913
138777,-99,95974
138307,-99,96318
139059,-99,97250
140788,-99,97374
139696,-99,98112
129637,-99,99551
141273,-99,99578
141532,-99,100555
142014,-99,100843
141350,-99,100895
142689,-99,102412
143648,1834,103284
145252,1838,106135
146144,-99,106525
146373,-99,106776
146420,-99,107388
147029,-99,107688
146924,-99,107769
147668,-99,108633
147440,-99,108700
147982,-99,109035
147904,-99,109181
147850,-99,109265
149081,1861,110379
148694,-99,110432
149823,-99,110871
150058,1843,111905
150096,-99,111934
150214,1877,112217
150232,-99,113398
151390,-99,114034
151919,-99,114154
151829,-99,114417
151785,-99,114430
152801,-99,115261
152604,-99,115559
154744,-99,118374
155452,-99,119478
155074,1837,119537
156195,-99,120710
157139,-99,122136
157148,-99,122146
157247,-99,122526
157099,-99,122535
158154,-99,123616
158844,-99,124745
158956,-99,125218
159473,-99,125646
159771,-99,126084
159982,-99,126428
159298,-99,128145
161349,2020,128481
161393,-99,128850
162711,-99,129234
162557,-99,130253
162260,-99,130304
163059,-99,130708
163216,-99,130873
163449,-99,131002
163744,-99,131388
165195,-99,134181
165611,-99,134459
164133,1878,134556
165881,-99,134776
167338,-99,136130
166981,1768,136564
167507,1875,137398
167389,-99,138054
170260,-99,140933
170475,-99,141159
167601,1827,141931
169542,1849,141954
171334,-99,142539
171222,-99,142704
170913,-99,142878
171824,-99,143356
171901,1910,143543
172708,1844,144558
172592,2830,144888
173222,-99,145601
173555,-99,145855
174129,1840,146481
175034,-99,148085
176173,-99,149087
175729,-99,149919
176519,-99,150144
177482,-99,150594
176316,-99,150790
177697,1908,151322
179631,1873,155297
180613,-99,155653
179886,-99,156034
178236,1901,156845
182648,-99,159114
182264,-99,159235
182641,-99,159447
183924,-99,162528
185441,-99,163194
185631,-99,163491
185992,-99,163873
186564,-99,164370
187966,-99,166509
188783,-99,167133
189307,2834,168892
190616,-99,170566
191377,-99,171765
191546,-99,172253
191411,-99,172338
191981,1770,172900
192185,1948,173336
192643,1809,173701
193014,-99,174008
193066,-99,174586
193049,-99,174920
193212,1951,175613
195960,-99,179156
197038,1769,179801
196347,-99,180085
197470,-99,180444
198420,-99,181111
199282,-99,183829
200240,2162,184515
200453,-99,185015
200735,-99,185604
201555,1869,186001
200884,2738,186029
201680,-99,186185
201384,-99,186565
201389,2764,187628
203076,-99,188309
202899,-99,188472
202984,2151,188561
202800,-99,188616
203612,-99,189084
202643,-99,189159
204337,1906,189297
203903,-99,189611
203934,-99,189807
204439,-99,190279
204919,-99,190699
204566,-99,190937
205954,3673,192142
205544,-99,192244
206284,-99,192482
206597,-99,192803
206533,3376,192896
207221,-99,194423
207713,-99,194583
208120,-99,195670
208387,-99,195896
208739,3280,196724
209209,-99,197044
209529,-99,197140
209549,-99,197415
209450,-99,197506
210041,-99,197529
209545,-99,197754
208858,-99,198079
210187,-99,198178
210331,-99,198465
210704,1903,199082
210828,-99,199241
211767,-99,200396
211301,-99,200505
212053,-99,200735
212279,-99,201003
212499,1802,201415
212971,-99,202151
213360,1831,202623
206539,-99,203596
214791,-99,204789
215142,1918,205832
215821,-99,206311
215405,-99,206362
216308,-99,207338
216708,1904,207913
217425,1913,208864
215029,-99,209191
209053,-99,209507
217276,-99,209704
218496,-99,210415
219599,-99,211729
220551,1784,213418
221224,-99,214321
221280,-99,214504
221637,-99,215002
221793,-99,215602
221933,-99,215732
222912,-99,216933
223871,-99,217708
223559,-99,218059
223756,-99,218378
223968,-99,218511
224665,-99,219968
223951,2025,220132
225931,-99,221486
226195,-99,221753
225978,-99,221969
226837,-99,222904
226472,-99,223012
228670,2154,224670
228653,-99,224748
229938,1897,226871
230055,-99,227025
229549,3257,227346
230426,-99,227915
231837,2141,230150
233559,-99,232385
233916,2711,233258
234115,-99,233290
233605,538,234672
235265,1762,235022
234745,-99,235577
235582,-99,235711
232171,3299,236579
236375,-99,237066
236811,-99,237798
237984,-99,239115
238114,-99,239140
238668,2735,241366
239310,-99,241587
239627,-99,241782
239823,-99,242662
240362,1896,243257
240895,1952,244119
240778,-99,244239
241554,1953,244578
241885,-99,244608
241954,-99,245056
242674,-99,245363
241833,-99,245435
241872,-99,245456
241819,-99,245709
242131,-99,246781
242550,2148,246912
243027,-99,247307
244448,1895,249000
244320,-99,249324
244504,3649,249439
244407,-99,249714
245483,-99,250995
245362,-99,251002
246023,-99,251953
246403,-99,252183
247908,-99,254793
248481,-99,255533
249669,2142,257214
251126,-99,259340
251243,-99,259456
251852,-99,260537
253192,3241,262745
253494,534,263448
253510,-99,263691
254070,1916,264594
255148,1783,265268
255068,-99,265781
255419,-99,265909
255123,2677,266147
256067,-99,267132
255653,878,267711
254973,2135,268571
257247,-99,268792
256906,-99,268812
257108,-99,269733
257886,-99,270522
258594,-99,271852
259215,-99,275112
261412,-99,276372
261822,-99,277133
261602,2031,277373
262516,2022,278332
262286,886,278335
262857,-99,278402
262904,-99,278423
263032,537,278807
264041,3259,280112
264418,1003,280577
264232,2758,280860
262398,-99,281249
264588,1957,281785
266013,1905,283242
265974,-99,283617
266042,1779,284010
266916,-99,284543
266346,-99,284551
266985,-99,284722
266937,-99,286524
270303,-99,289968
271182,-99,291466
271177,2825,291568
271439,-99,291723
272293,-99,293132
272738,-99,293819
273170,-99,294528
273260,-99,294760
274051,-99,295542
273594,-99,295645
273736,-99,295669
274335,1782,296134
275098,-99,297536
274371,-99,297572
275452,-99,298422
275629,-99,299061
277467,4004,300351
278421,4001,302850
278898,-99,304405
279879,2158,304507
279689,-99,305042
279993,3640,305258
280322,3431,305721
280768,2157,306280
280625,-99,306475
280712,2026,307085
280813,1823,307108
281548,-99,308116
281637,-99,308172
282047,-99,308574
278202,-99,309420
282933,-99,309427
282712,-99,309904
273143,-99,310331
283629,-99,311011
284435,-99,312145
284147,1955,312496
284733,2698,313041
285283,1811,313907
285984,-99,314816
285385,-99,315061
285627,911,315112
286416,-99,315967
287155,-99,316903
287239,1808,316989
286870,1445,317003
287834,-99,318563
288557,-99,318925
288944,-99,319456
288793,-99,320296
289493,-99,320461
289891,747,321726
289874,1960,321898
290761,-99,323018
292294,-99,325104
292851,-99,326118
293081,-99,326489
293435,-99,327067
293474,-99,327324
295141,-99,330141
293576,895,331100
295809,-99,331347
295934,1512,331411
295961,3267,331622
296610,-99,332159
296830,-99,332714
296177,-99,333114
297892,996,334795
298180,-99,335436
299893,-99,337855
300272,-99,338289
300196,-99,341997
302423,-99,342277
302180,-99,342402
303302,-99,343446
303625,-99,344323
303691,2038,344593
304928,-99,345727
304818,-99,346840
305868,1583,347823
306231,-99,348099
307055,-99,349528
306758,-99,350095
306476,1800,351000
307901,3348,351647
308287,-99,351913
309365,-99,353290
309585,1752,353680
309400,-99,353795
309251,-99,354229
310330,-99,354935
310357,-99,355411
310591,2050,355549
310959,-99,356018
311246,-99,356450
311141,-99,356553
311451,875,356937
311998,-99,357460
312003,544,357871
312106,-99,359019
312517,-99,359475
310180,1789,359816
314341,-99,361477
314431,2040,361846
314823,-99,362203
314722,-99,362255
314830,2051,362275
314810,-99,362715
314664,-99,362824
315759,-99,363991
316110,2046,364838
316239,-99,365268
316961,-99,366168
316931,850,366575
317748,-99,366936
317570,4007,367478
317991,-99,367778
318426,-99,368240
318945,-99,368251
317720,49,368514
319744,-99,370524
321215,-99,373405
321176,-99,373614
323995,-99,377954
325140,-99,379246
325732,2793,380866
325177,-99,381054
326576,-99,381963
327470,4005,383018
326361,-99,383073
328104,-99,384305
328457,-99,384596
328627,2045,386810
329628,3231,387049
329963,-99,387192
330332,-99,387202
330333,2647,388110
331013,808,388866
332182,-99,389700
332611,-99,390068
333072,831,391689
332910,-99,391698
333082,1778,392139
334369,1965,392231
333229,4006,392809
333394,3996,392933
332848,-99,394048
334665,-99,395505
335753,-99,396345
336488,-99,396525
336247,-99,396997
336903,-99,397926
337151,-99,398191
336989,802,398756
338083,-99,399951
337738,-99,400359
338765,-99,401122
339381,1963,402257
339439,-99,402377
339687,901,402421
340238,-99,403652
341292,-99,405258
342101,-99,407049
342421,-99,407266
342325,799,407316
342369,3999,407344
343127,-99,408358
343447,-99,408697
343455,-99,408905
343950,-99,409826
344102,-99,411633
345463,-99,412012
345290,-99,412065
344843,545,412392
345932,829,412927
345366,-99,413139
345946,-99,413468
346443,-99,413606
347040,868,414431
347063,-99,414533
347369,-99,415254
347873,-99,415923
348470,-99,416577
348191,-99,416701
349450,-99,417238
348345,712,417353
349009,-99,417402
348999,-99,417677
348904,-99,417775
350716,-99,419886
351641,-99,421670
352229,-99,422021
352102,-99,422079
352012,-99,422143
351929,-99,422222
352454,3990,423102
352947,-99,423455
353241,-99,424161
353591,1446,424171
353402,993,424378
353931,-99,425513
354213,-99,426101
354991,-99,426120
354505,-99,426408
350733,33,426514
354871,-99,427018
355009,-99,427097
356055,-99,428551
356643,-99,429355
354180,-99,429408
356973,-99,430418
357656,-99,430450
357444,-99,431068
357388,-99,431505
358432,3989,432356
358292,-99,432867
359584,-99,434474
360003,-99,435439
360340,-99,435828
361365,-99,437790
361548,3346,438086
361705,703,438290
362153,-99,438707
361844,-99,439126
362846,-99,440183
363407,-99,440980
364327,-99,442358
363221,-99,442410
364116,1025,442446
366352,-99,445949
367234,-99,446874
367072,-99,446884
367093,-99,447549
367553,-99,447736
367849,-99,448086
367739,2839,448318
368238,-99,448744
368360,793,449454
369116,-99,450241
369244,-99,450320
369296,-99,450408
368267,1969,450768
369816,-99,451347
370356,-99,452174
370490,413,452705
371168,1946,453303
371377,-99,454093
372681,-99,455991
372919,-99,456331
372142,-99,456775
373305,-99,456865
373275,1943,457143
373967,-99,458566
374655,-99,459163
374747,3247,459171
375204,-99,460371
374192,-99,460513
376301,-99,461732
378212,-99,464860
378815,3613,466275
379302,2852,466573
379069,-99,466636
379498,-99,466876
380257,-99,467875
380494,-99,467928
379110,1143,468003
380266,-99,468087
379813,1061,468101
380648,-99,468855
381265,-99,469197
381621,53,469705
381564,2089,470265
381777,-99,470485
381137,852,471535
381942,-99,471569
382609,-99,472069
383087,-99,472332
383334,-99,473102
383898,1135,474055
384329,-99,474401
384665,-99,474903
385221,-99,475757
384554,-99,475834
385564,-99,476036
385240,-99,476696
385941,2166,477205
386536,806,477923
386177,835,478003
386571,-99,478267
386731,889,478997
387131,-99,479005
388484,2064,479792
388646,775,481181
389077,-99,481942
387808,-99,482757
389479,-99,483305
389722,-99,483394
390286,-99,484011
390826,-99,484930
390895,2623,485307
391416,107,486115
391600,-99,486598
391905,2169,486925
391780,-99,487638
392551,-99,487975
393090,-99,488698
391841,-99,489547
393849,1109,490081
393765,688,490090
393933,-99,490169
393866,630,490374
394838,-99,491844
395012,-99,491867
395780,-99,493450
396322,-99,494058
397321,3983,496096
397941,-99,496682
398483,-99,498026
398904,2175,498286
398986,-99,498774
399127,-99,499637
399685,24,499835
397900,674,499870
399890,-99,500308
400388,-99,500843
401271,-99,501495
400930,45,501955
401148,2176,502094
402222,-99,503789
402379,-99,504001
402319,2844,504036
403459,-99,505208
402904,-99,505340
403419,789,505905
404028,551,506867
404550,-99,507454
405745,412,509215
406283,-99,509858
406277,-99,510033
406312,-99,510723
405272,-99,510797
407347,1976,511591
408440,797,513818
408043,1141,513912
408968,2177,514443
408804,-99,514467
408892,-99,515128
410459,-99,516912
411160,651,517818
411095,-99,517913
411252,-99,518386
411456,-99,518418
410490,1441,518797
411369,-99,519700
412747,-99,520313
412346,2211,520946
413032,-99,520992
413145,-99,521274
413642,44,522490
414248,671,523206
414502,-99,523548
415051,-99,524004
415508,-99,524699
415440,746,524779
415894,-99,525722
412281,-99,526501
416862,-99,527357
417470,-99,528887
418377,-99,529369
417652,20,529544
417645,-99,529897
418665,-99,529981
418884,-99,530436
416057,-99,530678
419216,717,531223
419317,1114,531818
419634,2172,532055
420086,727,532490
416633,-99,533679
420622,634,533939
420753,-99,534138
421471,-99,535304
421699,-99,535367
421977,-99,535546
422073,-99,535852
421507,-99,536242
422620,-99,536777
422662,-99,536907
422734,1149,536934
423522,1132,537038
423114,-99,537588
420575,-99,538679
423620,-99,539069
424136,1152,539528
424585,-99,540648
424917,-99,540675
424745,-99,541038
425213,-99,541196
424758,-99,542033
425969,-99,542373
426235,-99,542655
425691,-99,542928
428262,718,545395
427525,-99,546050
428162,-99,546399
427683,1578,547220
428823,2631,547593
429471,-99,547662
429438,-99,548511
430033,-99,549164
429443,1145,553225
432213,-99,553329
433236,1573,555234
433662,123,556183
434118,-99,556635
432314,526,557122
432554,-99,557136
434653,559,557288
432776,-99,557853
434792,-99,558527
435741,3607,559318
435502,-99,559367
436233,-99,560156
436688,3981,561098
436694,-99,561452
437094,11,562724
437279,-99,562905
437924,193,563239
438915,-99,563692
438137,121,563919
438793,-99,564005
438843,-99,564418
439937,-99,566277
440292,3987,567660
441206,-99,568706
438627,2216,568802
441615,-99,569435
441888,-99,569518
441953,-99,569695
441945,-99,569930
442236,1138,570699
443935,3986,573543
443674,-99,573988
444473,-99,574545
445486,90,575865
445698,-99,576143
445389,-99,577178
446680,3205,577772
447224,486,578704
446438,-99,578987
447171,122,579307
438628,-99,579376
447637,-99,579754
448411,2084,580559
447989,-99,580582
447837,1066,580657
448282,1112,581345
448517,1984,581779
448782,429,581892
448996,3326,581993
449376,-99,582502
449364,657,582718
449660,-99,583654
449276,558,583902
450233,-99,584178
450322,-99,584376
450661,-99,584933
448160,1130,585342
451179,185,585857
450704,-99,586280
452169,472,587725
452901,2197,589033
453072,-99,589084
453243,-99,589631
453282,-99,590371
453918,-99,590617
454474,2192,590911
454226,-99,591417
454744,-99,591607
454426,-99,591610
455313,1041,592768
454916,1052,592807
455355,-99,592877
455603,91,594183
456808,567,595243
457171,1051,596219
457348,-99,596715
458642,-99,598558
459149,-99,599450
459421,678,600492
459682,16,601239
460385,1519,601774
462238,113,602688
461271,-99,603235
460965,2082,603320
461396,-99,603383
462117,-99,604348
462290,2199,604693
461466,-99,605000
462829,-99,605895
464014,-99,607755
464309,750,608600
464593,-99,609039
461606,673,610245
466118,-99,611091
466186,-99,611471
467102,-99,613047
467878,-99,613670
468408,2080,614631
465316,1077,614836
468485,667,615681
468771,1042,616336
469153,-99,616430
469339,1250,617046
469683,-99,617485
471626,1238,620138
471767,1086,620341
473114,1040,623213
474768,-99,625719
475206,-99,627089
477125,478,630720
478338,-99,631607
478776,1503,633112
478944,26,633254
479683,-99,633934
481137,-99,636911
481360,-99,637354
481172,977,639259
482212,-99,639373
482650,-99,639546
482302,-99,639630
483000,-99,640032
482939,-99,640281
483673,-99,641695
484103,-99,641850
481664,84,642177
485106,-99,643351
485550,-99,644356
484342,3982,645298
485406,594,645881
485277,3868,645906
487104,-99,646206
486220,1031,647238
487352,-99,648293
487846,-99,648422
488068,-99,649262
488520,-99,649466
489491,1251,651146
489601,-99,651457
489742,-99,652114
490038,1071,652540
489517,-99,652590
490692,2191,653312
489390,-99,654424
491596,-99,654589
491658,-99,655702
492462,-99,656151
491819,1006,656313
492386,-99,656851
492525,95,657018
493446,-99,658270
493549,-99,658476
494597,-99,660702
492534,803,660906
496044,-99,662011
496116,-99,662038
495324,590,662618
496321,-99,663144
496985,1313,663575
496988,68,663890
497397,1120,664363
497735,-99,664722
498351,1590,665391
498320,-99,665473
494577,1244,665542
499247,518,667765
500105,-99,668415
500252,2085,668626
500354,-99,668691
500438,1993,668812
500820,-99,669368
502020,-99,671543
502241,1369,672133
502321,1036,672227
502297,1988,672352
502554,1248,672372
503415,556,673949
503143,-99,674308
503996,-99,674593
504186,-99,675147
498569,1253,675437
496253,-99,675916
505526,721,676516
505102,1016,676598
505480,1740,676619
506033,2864,678572
506874,-99,679458
507179,2858,679533
506666,-99,679537
507052,-99,681961
508514,69,682266
509017,-99,683133
509479,-99,683761
510223,3873,684720
510152,3876,684974
509367,-99,685085
510871,1183,686030
506854,1033,686313
509963,-99,687720
512384,3878,688226
512397,-99,688451
512778,3866,689177
512840,3875,689354
513951,-99,690864
513984,1991,691396
514268,-99,691608
514705,1011,692452
515190,-99,693318
515577,-99,693774
516101,2075,694675
516177,2087,694836
516147,1043,695407
516972,-99,695915
517775,931,696232
517207,-99,696472
517617,329,697300
516922,1258,697480
518659,-99,699561
518614,-99,699686
519447,1625,699974
520772,-99,702283
520863,-99,702813
520908,-99,703222
521987,-99,703374
521908,1008,704321
522953,-99,705759
523916,-99,707562
523443,-99,707592
524164,-99,707617
524890,-99,709003
525313,-99,709421
525483,-99,709635
525931,-99,710485
526158,-99,710712
526106,155,710799
527799,-99,713243
528135,379,713393
527609,-99,713963
528618,-99,714653
529274,-99,715681
529336,1989,716109
529584,2619,716408
530197,-99,717793
530363,990,718057
530790,1223,718559
530898,-99,718744
531953,-99,719356
532032,-99,720684
533021,-99,722403
532786,60,722434
533666,1996,722980
534026,1391,723928
534119,88,723967
534284,-99,724335
534235,-99,724770
529855,1172,724811
534652,-99,725112
534985,-99,725516
534850,1513,725562
535422,-99,725759
535574,-99,726163
536362,-99,727555
536673,3152,728042
536268,-99,728762
537296,-99,729020
537284,-99,729594
539605,-99,730483
536630,1659,730779
539350,-99,732376
538906,1027,732427
539307,1161,732576
539945,-99,732706
539583,3871,734968
540981,-99,734977
541230,2555,735360
541777,-99,736237
541867,-99,736915
541957,-99,736959
541655,-99,736977
542227,-99,737236
541945,-99,737564
542444,-99,737836
542937,-99,738499
543174,-99,738575
537774,1215,738985
543478,-99,739411
543250,-99,739674
543209,-99,739898
543535,1224,740194
544403,3852,740303
544316,-99,740452
544769,3577,741190
544048,-99,741229
546121,-99,744135
546422,-99,744254
541686,-99,744346
543924,-99,744509
546419,-99,745039
547199,-99,745197
547352,1662,746088
548204,-99,746721
543297,1447,747116
549676,1657,749951
551947,83,752690
552593,-99,753643
551345,-99,753746
549557,1226,754583
554010,-99,756279
555791,-99,759145
556195,-99,759683
553928,1067,759731
556169,1306,760365
556928,958,761041
554802,-99,761978
558207,-99,763155
555678,-99,763198
558556,954,764135
558647,1685,764222
560724,-99,764543
559847,-99,765740
559688,1622,765853
560406,-99,766504
560439,-99,766659
555369,-99,767812
561143,2106,767836
561527,1217,769846
562895,-99,770245
562183,-99,770418
562681,-99,771034
563595,-99,771239
564573,-99,773364
566074,-99,774179
566537,-99,776216
565978,2002,777017
567121,1664,778253
568241,-99,778294
568616,1663,780209
569223,-99,780578
569029,-99,780638
569840,-99,780716
569172,-99,780742
568506,1227,780805
569451,-99,780977
569893,2108,781338
569318,72,781544
569903,-99,781744
570279,-99,782589
570129,962,783035
570880,2560,783736
571713,-99,784590
571990,2095,785244
571753,3422,785259
572661,-99,786635
572704,1318,787005
573530,-99,787638
573874,-99,788744
573984,-99,788862
567452,945,788866
574360,-99,789331
575696,1202,791657
576870,1459,793256
577243,-99,793840
572384,2099,794325
577564,-99,794444
577692,1469,794633
577955,-99,795115
577999,1451,795132
579415,951,798201
580231,952,799009
580386,-99,799471
580884,1466,800463
580861,3862,800610
581105,1677,802695
582580,-99,802940
582112,-99,803120
582749,3856,804018
583641,-99,804983
583929,-99,805312
584497,-99,806130
584623,-99,806443
585630,1998,807976
585366,1317,808299
585642,1214,808399
586341,923,809632
585707,-99,809852
586445,-99,809872
586685,1150,810440
587486,3942,811170
587450,-99,811351
589289,-99,813829
589074,-99,815347
592575,-99,820048
592797,2098,820113
592667,2100,820368
592950,-99,820530
592619,-99,821152
593327,-99,821363
594084,-99,822163
594146,-99,822251
594434,2103,823051
593404,1201,823934
595317,-99,824356
595587,-99,824552
595487,676,824944
595867,-99,824964
596663,-99,826516
598007,-99,829312
599948,1200,832372
600384,3155,832634
600601,-99,833403
598438,-99,833481
601444,-99,834281
603779,-99,838605
605032,-99,840184
604824,163,841103
605445,1655,841138
606351,-99,842560
606414,1373,843016
607037,-99,843240
607093,3859,844276
608176,-99,845491
608549,2820,845773
609017,971,845965
609203,-99,846590
608799,-99,846935
609753,-99,847699
612262,-99,851767
613120,-99,852423
611907,-99,852713
613328,1652,854252
613543,921,854324
614304,-99,855433
614402,105,855734
614898,-99,856266
616159,1467,858598
616983,1696,860933
617270,-99,860945
617775,1208,861349
618028,-99,861391
618120,-99,862062
617702,-99,862168
618600,-99,862969
620323,1535,865640
619550,1154,866063
619731,-99,866139
621674,-99,869430
623618,1365,871047
623352,-99,871166
623991,-99,871971
624239,1673,872134
630503,3429,873052
624526,1298,873727
624608,-99,873840
625004,249,873867
625792,-99,874641
626083,-99,875154
624284,756,875623
625064,-99,875652
626952,-99,876416
624515,-99,877357
627432,-99,877508
627449,-99,878355
628356,-99,878731
627823,2815,879942
629776,2003,880688
629516,-99,880814
629437,-99,881064
630537,-99,881737
630435,774,881906
630484,3908,882774
631272,158,882962
631339,1207,883779
631511,-99,884078
632339,157,885362
633300,1155,887414
634032,-99,888367
634499,-99,888901
635961,-99,889393
635784,317,891147
635245,243,891244
636324,3175,892150
637019,-99,892718
637244,-99,893176
637651,-99,893982
637404,-99,894763
638527,140,895385
639429,-99,896450
639211,-99,896620
640026,-99,897606
635862,1181,898484
640145,722,898820
640360,1470,899309
640443,3909,901087
641847,653,901741
642592,-99,902031
639358,-99,902638
643223,3926,903004
643480,1232,903233
643101,-99,903477
642407,-99,903516
643313,2543,903567
643581,1422,903739
644795,1653,906770
645120,-99,907759
645978,-99,908340
646790,-99,908823
646384,-99,909963
648173,1656,911717
648762,1166,912425
648114,3917,914418
650908,-99,915798
652010,805,917441
652276,-99,917956
653665,-99,919753
654154,3933,920280
654649,-99,921119
655126,-99,921553
654576,2111,922409
656621,1165,924785
656427,-99,925314
657703,2874,926510
660980,-99,931608
661164,-99,931675
661173,-99,931910
661373,-99,932365
661442,1231,933404
662270,-99,933791
662715,2120,934477
663781,-99,935136
663103,1620,935337
663291,-99,935519
663735,1705,936669
664407,-99,937435
664841,-99,937768
664607,-99,937770
665479,1174,939483
665603,3374,939487
666536,-99,940697
666570,-99,941583
666872,1370,942294
668515,-99,944078
666394,2129,944132
669251,-99,945064
670027,-99,946681
670392,-99,947150
670310,-99,947323
670897,-99,948713
672158,1477,950104
679584,-99,950313
672635,-99,951038
673600,-99,951323
679659,-99,953709
673312,283,955191
675269,1377,955442
674119,1195,955649
675424,-99,955963
677991,-99,957183
676515,-99,957353
676534,-99,957575
676661,-99,957666
676097,1361,957859
676685,3916,957958
676717,463,958026
677305,295,958834
677506,-99,959191
677692,3943,960579
678533,1257,961129
678793,239,961335
679317,-99,962085
679413,1430,962264
679652,-99,962664
679793,-99,962788
680726,1710,964182
681301,-99,964221
681063,-99,964723
681303,228,964984
681237,1701,964985
681106,-99,965276
683219,1196,967877
683578,-99,968253
683931,-99,968770
683324,-99,968965
684158,585,969451
684508,225,970228
684817,-99,970415
686231,-99,972753
686125,-99,973140
686549,-99,973506
687071,1612,974180
687142,-99,974185
687498,-99,974241
687204,-99,974398
687750,-99,975522
687898,1525,975609
688136,1348,976454
688845,-99,977209
690784,-99,977457
689518,458,977691
688457,3930,977791
689768,2243,978960
690687,2127,979507
688852,-99,979727
690669,-99,980389
690971,1638,980578
691466,-99,981109
691473,-99,981852
692002,-99,982359
692655,2229,983171
692950,-99,984045
692737,-99,984228
693220,-99,984502
694697,3924,986734
695669,-99,988294
695445,3846,988382
695834,240,988782
696146,210,989269
698041,476,991940
698831,-99,993128
698738,3928,993423
699088,3929,993772
698983,1629,994586
700004,-99,995274
700414,-99,995732
700458,-99,996007
701418,1711,996837
700633,-99,996910
701819,-99,997313
701981,-99,998106
702050,-99,998381
702590,-99,999748
703122,1693,1000297
703733,1354,1000956
704038,-99,1002422
706011,-99,1004469
705542,-99,1004575
706615,1260,1005785
707749,3833,1007631
709137,3841,1008915
709816,2577,1010217
709113,-99,1010246
709504,-99,1010623
709875,-99,1011196
709134,1297,1011326
709713,1263,1012329
711091,343,1013154
711692,1292,1014351
711809,1351,1014561
713253,1721,1016667
714401,1715,1019202
714907,1658,1019602
715680,-99,1020825
712774,-99,1020892
716067,-99,1020977
716066,-99,1021562
716342,1520,1022471
717817,1270,1025331
718559,-99,1025611
719096,1293,1026577
719155,3836,1026707
719811,1352,1027499
719690,-99,1027567
720578,22,1028704
720736,-99,1028780
720608,1692,1029215
720095,-99,1030161
721789,-99,1030817
724890,1488,1035472
722533,3826,1036749
725672,1494,1036755
726296,-99,1037155
726363,-99,1037842
725685,473,1037918
726507,-99,1038095
726941,2125,1038883
726986,1680,1039921
728032,-99,1040349
727866,-99,1040531
728477,-99,1040785
728838,-99,1041474
725161,3838,1041561
729186,-99,1042308
729557,3567,1042601
729570,1169,1043217
730042,-99,1043964
730914,-99,1044619
731170,-99,1045173
731172,-99,1045610
732463,-99,1045683
732107,-99,1047002
732125,-99,1047268
732491,-99,1048004
733879,-99,1049840
733937,2277,1049968
733581,1417,1050347
734276,-99,1050431
734769,1581,1051392
734950,1688,1051657
734723,1415,1051798
735335,1413,1052287
735791,-99,1052872
736566,-99,1054040
736288,1637,1054201
737008,484,1054817
737214,-99,1055129
738308,1409,1055508
737222,1267,1055541
738276,-99,1056847
737473,1420,1057074
738895,-99,1057676
739064,-99,1057938
739393,-99,1058839
743704,-99,1064885
745432,-99,1069702
746850,-99,1069811
747295,-99,1070780
747850,-99,1071621
748479,-99,1072827
748454,1277,1073357
749243,-99,1074638
750927,-99,1076352
750623,2383,1076426
751522,-99,1077524
751766,-99,1077650
751736,1694,1078035
752437,-99,1078754
753049,205,1079857
752983,1521,1080227
754369,2320,1080846
754009,-99,1081183
754372,-99,1082125
754804,2914,1082720
754797,2916,1083029
754996,-99,1083057
755017,3008,1083365
755510,-99,1084015
755554,-99,1084471
755144,-99,1084625
756402,-99,1085310
756721,-99,1085632
757465,-99,1087537
757535,1416,1087720
758064,-99,1088063
757715,-99,1088076
759628,1398,1091064
760385,-99,1092122
760789,-99,1092348
761586,-99,1093945
762091,-99,1093990
761839,1572,1094356
763354,-99,1095749
763700,-99,1096534
763569,1433,1097028
763619,573,1097257
764269,2697,1097414
763981,-99,1097462
764803,-99,1098669
765037,3497,1099622
765901,-99,1100635
766678,-99,1101743
763929,2686,1102333
768071,-99,1102767
767177,1399,1102906
767829,-99,1104106
768450,-99,1105021
768691,2691,1105026
769490,-99,1105318
769098,-99,1106259
770084,-99,1107072
768023,-99,1107179
759853,-99,1107188
770406,2679,1107615
770366,-99,1108038
772453,1475,1111199
773923,-99,1113741
774580,-99,1114688
775204,1589,1115289
775365,-99,1115959
775551,-99,1116115
775958,-99,1116583
775490,-99,1116821
776222,1279,1117100
776479,-99,1117766
776789,-99,1118357
777034,1537,1118716
776400,2275,1119238
777550,-99,1120228
778055,-99,1120349
778148,1554,1121034
778366,85,1122018
779324,2355,1122098
778170,-99,1122193
779075,-99,1122335
779091,1287,1122903
779588,-99,1122949
780125,-99,1123515
778213,308,1123824
780589,143,1125001
781398,-99,1125416
780916,-99,1125628
780322,-99,1126974
782146,626,1126987
782462,356,1127094
782489,-99,1127338
782508,2673,1128466
783183,2270,1129013
784193,-99,1130448
784677,-99,1130499
784962,-99,1131458
785300,705,1132476
782363,2319,1132892
785831,-99,1132950
785986,-99,1133315
785995,-99,1133521
786518,-99,1134067
785972,-99,1134107
786952,73,1134664
787740,-99,1136061
788075,-99,1136802
788577,1728,1137323
790340,-99,1140434
791277,-99,1141384
791909,-99,1142394
792360,-99,1143287
792843,-99,1144459
793374,-99,1144486
793517,96,1144674
793328,1322,1144801
794578,-99,1146597
795017,-99,1146895
795129,-99,1147552
794848,1738,1147951
795864,-99,1148500
797410,1323,1151027
797081,1937,1151101
797542,-99,1151227
795729,209,1151336
799025,-99,1152972
799863,-99,1153367
799292,-99,1153831
801873,-99,1156230
802416,-99,1158080
802274,-99,1158186
802845,-99,1158883
803627,-99,1160303
803529,-99,1160305
804344,-99,1160862
804744,305,1161365
804380,-99,1161442
805188,-99,1163226
805709,2779,1163503
806263,2926,1163557
806151,-99,1163971
806488,-99,1164395
806366,-99,1165562
807633,154,1166364
807975,-99,1166757
808022,-99,1167121
808684,-99,1167905
809278,1647,1168517
810210,-99,1169931
809901,-99,1170424
810350,-99,1170466
810108,313,1170487
810667,-99,1170788
810880,258,1171301
811548,2338,1172007
811689,2293,1172339
812706,1923,1174199
813913,-99,1174919
811439,-99,1175057
813637,-99,1175195
812877,132,1175299
813703,622,1175564
813697,-99,1176543
814572,-99,1177278
815240,-99,1177916
815840,-99,1178428
817643,-99,1181600
817891,-99,1182371
819303,-99,1183340
819903,-99,1183523
819668,-99,1185808
820694,-99,1186697
820975,-99,1186706
821027,1320,1186961
821415,-99,1187737
821596,-99,1187983
821742,365,1188011
822190,-99,1189017
822816,-99,1190469
822668,-99,1190798
822926,3004,1191761
816680,-99,1192056
824313,2325,1193014
825866,222,1195134
826133,1332,1195689
826524,-99,1196130
827350,-99,1196561
827613,3508,1197795
827589,-99,1197980
827594,-99,1199169
828902,-99,1200090
829578,-99,1200602
829957,-99,1202285
830656,1338,1202440
830661,1124,1202696
830627,-99,1202754
831151,-99,1203840
831543,-99,1204054
831690,-99,1204124
831841,-99,1204270
831683,487,1204888
832262,-99,1205347
833026,1401,1205623
833393,-99,1206903
834031,-99,1207584
834991,347,1208609
834538,2794,1208709
834892,1337,1209597
836381,-99,1210091
836198,-99,1211271
837646,-99,1213596
837896,-99,1213870
838289,-99,1214137
837004,-99,1214250
839943,1949,1216775
840107,-99,1217216
841248,-99,1218790
841354,1342,1218831
841273,-99,1218901
840862,-99,1219365
841821,-99,1219438
841667,-99,1219768
842703,593,1220976
842498,-99,1220984
842737,-99,1221482
841396,-99,1221494
842140,-99,1221669
842595,627,1221825
843386,-99,1222583
843629,1325,1222643
844144,2269,1223237
844527,-99,1223408
844601,1484,1224412
845164,2740,1225285
844866,310,1225325
845256,-99,1225476
837822,2761,1225965
845776,-99,1226150
845473,-99,1227871
847062,2327,1228255
847481,-99,1228888
847794,1128,1230074
848845,2302,1230730
848905,-99,1231239
850694,-99,1234315
851874,2290,1235187
851343,-99,1235429
851352,-99,1235734
852184,-99,1236491
852430,-99,1237153
852753,374,1237246
852812,-99,1237600
853262,-99,1238317
853218,-99,1238608
854904,614,1239486
854139,-99,1239774
854572,-99,1240952
851414,-99,1243253
856446,2171,1243405
856534,-99,1243727
856252,448,1243752
856626,2306,1243789
856938,-99,1244286
854964,2816,1244489
857299,-99,1244671
857223,-99,1244756
855880,3022,1244837
857682,-99,1245130
857638,-99,1245460
858038,1483,1245789
858160,-99,1246346
858550,-99,1246626
858326,-99,1246653
860452,490,1248796
860628,489,1249134
859167,-99,1249586
861671,-99,1250382
859825,2307,1250850
862628,2358,1253686
863368,-99,1254911
863378,-99,1255293
863631,-99,1255614
864323,-99,1255862
865363,-99,1255974
866860,-99,1260260
867476,-99,1261334
867072,-99,1261412
867695,-99,1262754
868839,-99,1263659
869011,1774,1264203
865824,-99,1265799
871257,3615,1267433
872171,-99,1268771
872170,-99,1269321
872437,-99,1269439
872872,382,1270245
873864,-99,1272619
877377,-99,1274974
878244,3608,1276285
877513,-99,1276750
879045,-99,1277116
879229,-99,1277520
879281,2785,1277646
879816,-99,1278519
879644,-99,1278541
880271,-99,1279476
880811,2996,1279821
881123,-99,1280767
881440,-99,1281220
881697,-99,1281907
882407,505,1283669
882859,-99,1284281
883444,506,1284972
884726,2335,1287268
884940,1394,1287813
884623,-99,1287896
885687,3594,1288876
884142,-99,1288890
886765,-99,1290567
887045,2329,1290742
887727,-99,1291829
888580,-99,1293255
888797,-99,1293333
889331,-99,1294395
889205,2850,1294486
889516,-99,1294565
890142,-99,1295865
890325,3665,1296494
890821,-99,1297650
891376,-99,1297676
891543,-99,1298015
892871,-99,1300005
892772,-99,1300955
895446,3757,1304553
897459,-99,1307086
897425,-99,1307517
898120,-99,1308496
897743,2911,1309247
898780,-99,1310295
899512,-99,1311603
900306,-99,1312110
901732,2263,1312862
901305,-99,1313513
901487,1388,1313538
902186,-99,1314988
902392,-99,1315702
902886,-99,1316214
904048,-99,1318057
904153,3628,1318382
903144,-99,1318437
903967,-99,1318532
903553,-99,1318893
904947,2247,1319389
903092,3622,1319681
905280,-99,1319764
905046,-99,1319967
905265,-99,1320035
905627,-99,1320610
906380,-99,1321946
906556,-99,1322006
906724,-99,1322018
905927,3692,1322184
907047,2504,1322539
906612,3019,1323034
908562,-99,1323889
908022,2988,1324431
909367,-99,1326277
909582,-99,1326523
910281,-99,1327207
910551,-99,1327764
912946,3466,1331062
913622,-99,1332715
913642,-99,1332767
913792,-99,1332840
914127,-99,1333269
915296,-99,1335040
915575,-99,1335987
915786,-99,1336007
915989,508,1336507
915891,-99,1336590
916292,-99,1336675
916518,2607,1337022
915907,-99,1337360
916982,1397,1337897
917160,-99,1339787
918074,-99,1340471
919414,3473,1341893
919030,3704,1342326
920039,-99,1342341
920569,-99,1343342
921703,-99,1345244
922289,-99,1346172
922361,-99,1346479
922605,-99,1346552
922223,-99,1346658
923134,-99,1347085
922752,-99,1347092
922845,-99,1347155
922913,-99,1347354
922433,3637,1347828
925502,-99,1348555
923981,-99,1348684
924342,-99,1349725
924345,-99,1349745
924433,-99,1350446
926246,-99,1351890
925835,-99,1352298
926334,-99,1352485
925459,-99,1352585
926426,-99,1352796
927027,-99,1353983
927594,-99,1354486
928017,2279,1355409
928078,2303,1355555
928556,2401,1356411
928212,-99,1357360
929733,-99,1358365
929598,-99,1358879
930106,-99,1359080
929960,-99,1359458
930093,497,1359690
930432,2870,1359790
930596,-99,1359830
930709,-99,1359836
930796,3025,1360035
930955,-99,1360518
931122,-99,1360585
931754,-99,1361440
932000,-99,1361873
932061,-99,1362027
933351,-99,1364429
933979,-99,1365086
933763,-99,1365607
934325,-99,1365805
927505,-99,1365959
935379,-99,1366598
934366,-99,1366695
933997,2966,1367326
935543,2833,1368036
936265,-99,1368513
936312,-99,1369145
936644,3712,1369812
937060,-99,1370702
937529,-99,1371086
937557,2614,1371127
937582,-99,1371473
938102,3632,1372199
934339,3773,1372641
939059,2494,1373578
939014,3078,1374624
940208,-99,1375673
939172,2323,1376116
940524,-99,1376126
941159,-99,1377383
940652,-99,1377583
941915,-99,1378018
942263,3810,1378855
942395,3713,1379501
942882,-99,1379874
942848,-99,1380251
943486,494,1380976
943083,3815,1381032
944019,2376,1382828
944496,-99,1382937
945044,-99,1383716
944497,2995,1385308
946476,3811,1386133
947453,3888,1387538
947471,3722,1387696
948118,-99,1388636
947828,-99,1388907
948640,-99,1389725
946085,3161,1390572
949132,3664,1390665
949151,3891,1390752
949321,3086,1391089
950164,-99,1392939
951274,-99,1393869
951722,-99,1394770
951933,-99,1395214
951838,-99,1395345
952044,3710,1395398
952714,-99,1396671
952741,-99,1397824
954227,-99,1398142
953515,-99,1398874
945967,-99,1398903
953566,-99,1399231
953926,3949,1402100
956419,-99,1402633
956759,3214,1402979
957291,3675,1404290
956585,2479,1404564
957935,2530,1405660
958336,-99,1405841
958276,-99,1406286
958682,3002,1406588
958542,2974,1406755
959121,-99,1406945
959179,3950,1407164
958752,-99,1407313
960163,-99,1408726
960536,-99,1409933
960955,-99,1410097
961208,3883,1410645
961361,-99,1411093
961101,-99,1411167
961221,-99,1411259
962054,3462,1412072
962023,-99,1412150
962375,-99,1412287
962990,-99,1413897
962240,-99,1414386
964223,-99,1415791
963896,-99,1416083
966156,-99,1418621
965936,-99,1418649
966326,-99,1418768
966526,-99,1418981
966600,-99,1419749
965942,-99,1420037
967157,-99,1420311
967345,-99,1420413
967393,3758,1420697
966973,3663,1420704
968549,2992,1422754
969164,-99,1423342
969490,-99,1424566
970023,-99,1424707
970077,2981,1425108
970584,3885,1425564
970723,-99,1426205
971058,-99,1426847
970232,3512,1426884
971246,3546,1426906
971617,-99,1428476
972525,-99,1428880
972752,-99,1429147
972308,-99,1429607
973093,-99,1430216
974521,-99,1432193
974555,3963,1432755
975179,-99,1433266
974818,-99,1433702
975133,3043,1433827
975066,-99,1434265
975479,-99,1434491
976376,-99,1435806
976912,-99,1435910
976485,3688,1435941
977097,-99,1436421
977204,-99,1436937
972387,3672,1437795
978080,-99,1437962
977394,-99,1438010
978051,-99,1438387
978444,2595,1438985
979294,-99,1439669
979382,-99,1440144
978584,-99,1440740
979733,2601,1440779
980092,-99,1441616
982199,-99,1442178
980789,-99,1442709
981552,3122,1443780
982004,3201,1445051
982990,3769,1446726
984181,3321,1446887
984670,-99,1448114
985016,-99,1449584
985892,3660,1450412
986016,3244,1450440
986430,-99,1450857
986123,-99,1451515
987184,-99,1452698
987170,-99,1452948
985836,-99,1452975
987573,3957,1453554
987849,3539,1454064
985381,-99,1454591
988550,3484,1454798
986701,3747,1455684
989640,3951,1456710
989672,3318,1456898
990814,-99,1458281
991379,-99,1459368
991721,3678,1459797
992147,2497,1460336
992008,3762,1460825
992340,3959,1460912
993201,3156,1462260
963510,-99,1463149
993728,-99,1463330
995126,3726,1465067
995219,3128,1466022
995474,-99,1466159
993805,3386,1466305
995647,-99,1466384
996570,3679,1467941
996581,-99,1468476
997300,3193,1469039
998404,-99,1471331
999189,-99,1472370
999621,3297,1472546
1000474,-99,1474229
1002054,3110,1476613
1002431,-99,1477931
1003488,-99,1478843
1003641,-99,1479087
1001309,3319,1481083
1004988,3316,1481198
1006168,-99,1482284
1006907,-99,1483032
1009161,-99,1487915
1009634,-99,1487920
1009790,-99,1488422
1011107,-99,1489637
1012841,-99,1492151
1012759,-99,1492685
1012922,-99,1492949
1013138,-99,1493126
1013346,-99,1493914
1013900,-99,1494281
1013607,3526,1494989
1014702,-99,1495454
1013783,3798,1495560
1014662,-99,1495677
1014035,3805,1496472
1017591,-99,1497569
1016301,-99,1498093
1016304,-99,1498638
1017482,3742,1499693
1017886,-99,1500767
1019330,-99,1501422
1019642,-99,1503570
1019965,-99,1503587
1017613,-99,1504110
1020578,-99,1504822
1021275,-99,1506044
1021276,3528,1506067
1021623,-99,1506608
1023557,-99,1508776
1024095,2503,1509014
1023128,-99,1509192
1023312,3262,1509491
1023174,-99,1510085
1025268,-99,1511653
1025621,2509,1511867
1025574,-99,1512065
1027589,-99,1514722
1027898,-99,1515249
1027745,3276,1515979
1029024,-99,1516786
1028840,-99,1516985
1029208,-99,1517247
1028954,-99,1517302
1028704,-99,1517416
1029173,-99,1517716
1029851,-99,1518716
1029819,-99,1518781
1031229,-99,1521000
1030922,3771,1522661
1035181,-99,1526012
1035103,-99,1526174
1035321,3137,1526598
1036028,-99,1527318
1036243,-99,1527632
1036595,3799,1528471
1037540,3677,1529409
1037978,-99,1530247
1037829,-99,1530433
1038610,-99,1531247
1040026,-99,1533111
1040060,-99,1533695
1040422,-99,1534204
1041081,-99,1534554
1040908,-99,1534737
1041483,3410,1535228
1042115,-99,1536444
1042816,-99,1537695
1043181,-99,1537905
1043905,-99,1538294
1043803,-99,1538381
1043926,3313,1539471
1045226,-99,1539901
1044729,3563,1540059
1044900,2466,1540437
1044867,-99,1540520
1045191,-99,1540604
1045726,-99,1541563
1045749,-99,1541714
1046288,-99,1542496
1047354,-99,1544175
1049371,-99,1544757
1048056,-99,1544817
1047911,-99,1544863
1048313,-99,1544911
1048779,-99,1546195
1048999,-99,1546273
1049516,-99,1546758
1049313,-99,1546959
1050773,-99,1548559
1052276,-99,1550134
1051352,-99,1550349
1052503,-99,1551194
1052838,-99,1551756
1053128,-99,1552277
1053181,-99,1552413
1054527,-99,1554271
1054499,-99,1554781
1055162,-99,1554784
1055281,-99,1555005
1055635,-99,1555085
1049925,-99,1555316
1055541,3555,1556044
1056669,-99,1556563
1057210,3302,1557762
1060299,-99,1562209
1060520,-99,1562555
1060508,3813,1562636
1061421,3062,1564057
1060512,-99,1564145
1063324,-99,1564761
1062475,-99,1565673
1062839,-99,1565982
1062939,-99,1566503
1062982,-99,1566634
1063497,-99,1567877
1065734,-99,1569540
1067080,-99,1571681
1066304,-99,1571884
1068389,-99,1573850
1069258,3425,1574711
1070214,-99,1575894
1070116,-99,1575896
1070473,-99,1576203
1070894,-99,1577053
1071464,-99,1577698
1072408,-99,1578692
1072941,-99,1579558
1072944,-99,1579621
1073702,-99,1579887
1073635,-99,1580254
1074019,-99,1580561
1074778,-99,1581857
1075367,-99,1582215
1075967,3031,1583440
1077189,-99,1584076
1077595,-99,1585417
1078390,-99,1585842
1079101,-99,1587267
1079308,-99,1587289
1076521,-99,1587468
1079316,-99,1587805
1080649,-99,1587920
1079831,-99,1589196
1082433,-99,1591855
1083894,3535,1591972
1081746,-99,1592276
1083669,-99,1592431
1084153,-99,1592652
1084513,-99,1593454
1083084,-99,1593641
1085572,-99,1593782
1084124,-99,1594073
1086949,-99,1596989
1089950,-99,1597814
1088308,-99,1597892
1091411,-99,1598905
1090642,-99,1599202
1091852,-99,1599805
1092798,-99,1600620
1093647,-99,1600807
1094739,-99,1600861
1095023,-99,1601668
1094942,-99,1601918
1097220,-99,1602730
1094060,3585,1602800
1097892,-99,1603852
1099316,-99,1604492
1100615,-99,1604657
1101048,-99,1604999
1101262,-99,1606080
1103339,-99,1606774
1102953,-99,1607006
1106392,-99,1608810
1110901,-99,1609055
1107395,3552,1609534
1110084,-99,1610947
1120886,-99,1612430
1118553,-99,1613009
1119726,-99,1613340
1119955,-99,1613403
1121083,-99,1613567
1121817,-99,1613641
1123244,-99,1614253
1131699,-99,1615715
1139195,-99,1617013
1136398,-99,1617085
1145531,-99,1617650
1139316,-99,1618775
1162566,-99,1622722
1147005,-99,1624099
1162541,-99,1628329
