ID,Lx_corr,group
66097,0.668000,BLU
87390,1.000000,BLU
99915,0.703000,BLU
121266,0.605000,BLU
128954,0.889524,BLU
134731,1.000000,BLU
136373,0.626841,BLU
138914,1.000000,BLU
147807,0.686000,BLU
149224,0.789000,BLU
149480,1.000000,BLU
150604,0.598000,BLU
154213,0.755361,BLU
156308,0.809000,BLU
158738,1.000000,BLU
158815,0.771183,BLU
158988,0.603000,BLU
163682,1.000000,BLU
165901,1.000000,BLU
166147,0.559956,BLU
166308,0.778321,BLU
167512,0.608000,BLU
169706,0.873289,BLU
171577,0.565000,BLU
171771,1.222234,BLU
171901,0.409411,BLU
172922,0.372525,BLU
172935,0.388291,BLU
173021,0.531074,BLU
173053,0.607000,BLU
173384,1.000000,BLU
176906,1.000000,BLU
179996,1.000000,BLU
180462,1.000000,BLU
181381,0.438000,BLU
183655,0.750000,BLU
185819,0.562544,BLU
185917,0.679449,BLU
189381,0.405000,BLU
191523,0.734000,BLU
192327,0.674000,BLU
192835,0.207090,BLU
192989,0.432000,BLU
193191,0.649000,BLU
193500,0.373000,BLU
195004,0.961962,BLU
195293,0.694000,BLU
196126,1.000000,BLU
197979,0.749000,BLU
198348,0.537000,BLU
198996,0.741000,BLU
199713,0.946573,BLU
201497,0.422820,BLU
202465,0.231822,BLU
203041,1.000000,BLU
205032,0.199598,BLU
205469,0.691000,BLU
208611,0.995766,BLU
208681,0.547000,BLU
210362,0.543000,BLU
211437,0.218352,BLU
212588,0.261310,BLU
212772,0.739871,BLU
212953,0.646000,BLU
213663,0.693000,BLU
214195,1.000000,BLU
215158,0.693000,BLU
215651,1.000000,BLU
215847,0.089569,BLU
215929,0.351688,BLU
215943,0.697000,BLU
216350,1.086815,BLU
216637,0.647000,BLU
217180,0.704000,BLU
217489,0.650363,BLU
218320,0.668000,BLU
218980,0.580973,BLU
220345,1.795386,BLU
220730,0.474411,BLU
222363,0.502524,BLU
222544,0.814996,BLU
222723,1.007290,BLU
223778,0.760594,BLU
223969,0.388287,BLU
226060,1.000000,BLU
226088,1.349452,BLU
226937,0.500000,BLU
227007,0.711000,BLU
227400,1.042696,BLU
229382,1.000000,BLU
231455,1.062071,BLU
231458,0.422820,BLU
231958,0.592000,BLU
232171,0.052742,BLU
232704,0.709000,BLU
233214,1.000000,BLU
233595,1.000000,BLU
233700,0.752000,BLU
233712,0.792000,BLU
234048,0.814996,BLU
235734,0.764000,BLU
237347,0.567000,BLU
239908,0.466826,BLU
240895,0.830147,BLU
241219,1.000000,BLU
241508,0.296590,BLU
242114,0.243309,BLU
243074,0.587000,BLU
243225,0.519000,BLU
243592,0.371669,BLU
244279,0.920782,BLU
246467,0.505000,BLU
246950,1.000000,BLU
247767,0.702000,BLU
247877,0.642000,BLU
248022,0.356578,BLU
249368,0.417979,BLU
249379,1.000000,BLU
250424,0.502000,BLU
251456,0.692000,BLU
252977,0.991185,BLU
253192,0.597252,BLU
253630,0.571000,BLU
253745,0.465000,BLU
254534,0.314162,BLU
255882,1.000000,BLU
257310,0.358226,BLU
258190,0.750164,BLU
258988,0.584000,BLU
259117,0.764000,BLU
259664,0.647000,BLU
259874,0.595879,BLU
260549,0.652000,BLU
260972,0.698000,BLU
261732,0.468000,BLU
262208,0.464000,BLU
262718,0.791000,BLU
262797,0.867273,BLU
263569,0.311284,BLU
263599,1.000000,BLU
265085,0.719000,BLU
265115,0.297273,BLU
265264,0.542197,BLU
265435,0.464000,BLU
267821,1.169922,BLU
268145,0.492000,BLU
268620,0.124496,BLU
268863,0.561246,BLU
271000,0.703326,BLU
272081,1.000000,BLU
272441,1.000000,BLU
272572,0.272369,BLU
272741,0.736473,BLU
272943,0.696000,BLU
273224,0.494000,BLU
274153,0.543000,BLU
276554,0.583000,BLU
277917,0.702000,BLU
278250,0.753631,BLU
279384,0.636000,BLU
279761,0.539703,BLU
280487,0.615400,BLU
280576,0.935744,BLU
280685,1.000000,BLU
281128,0.670000,BLU
281176,1.000000,BLU
282350,0.133400,BLU
282498,0.755368,BLU
282529,0.271743,BLU
282585,0.287182,BLU
283498,0.747000,BLU
283742,0.765870,BLU
283976,0.411000,BLU
284209,0.508344,BLU
284560,1.000000,BLU
284936,0.716400,BLU
285322,0.563000,BLU
285638,0.496000,BLU
285728,0.734780,BLU
285751,0.910240,BLU
286866,0.144262,BLU
286870,0.276795,BLU
287624,0.640000,BLU
288867,1.000000,BLU
288900,0.630000,BLU
288925,0.465753,BLU
288986,0.532000,BLU
290561,0.811000,BLU
290940,0.703000,BLU
291109,0.604000,BLU
291291,1.000000,BLU
291295,0.761000,BLU
291505,0.383845,BLU
291777,0.485000,BLU
291911,1.000000,BLU
292658,1.000000,BLU
293988,1.000000,BLU
294223,1.000000,BLU
294233,1.000000,BLU
297271,0.034686,BLU
297388,0.491000,BLU
297892,0.679000,BLU
298256,0.446000,BLU
298487,0.456000,BLU
299361,1.000000,BLU
300070,1.000000,BLU
301078,0.750164,BLU
301614,0.611161,BLU
301744,0.752000,BLU
301995,0.186705,BLU
302660,0.881365,BLU
303796,0.736473,BLU
304319,0.683000,BLU
304439,1.018957,BLU
305043,0.944406,BLU
305831,0.177075,BLU
305859,0.578000,BLU
306945,0.639965,BLU
308547,0.594000,BLU
308866,1.000000,BLU
309395,0.633000,BLU
310302,0.933593,BLU
310572,0.225503,BLU
310636,0.310568,BLU
311121,1.000000,BLU
311176,0.473321,BLU
311305,0.557384,BLU
311789,1.000000,BLU
311831,0.677881,BLU
311910,0.606956,BLU
312655,0.594000,BLU
312742,0.393693,BLU
313813,0.579638,BLU
314243,0.167942,BLU
316436,0.311284,BLU
316931,0.946582,BLU
318129,0.485000,BLU
319169,0.246125,BLU
319398,0.436000,BLU
319543,0.487704,BLU
319595,0.662000,BLU
320331,0.516604,BLU
320435,1.000000,BLU
321383,0.497000,BLU
321469,0.790000,BLU
322871,0.629732,BLU
323189,0.503681,BLU
323420,1.000000,BLU
323559,0.348463,BLU
323983,0.428000,BLU
324525,0.792783,BLU
325165,0.626835,BLU
325593,0.654869,BLU
326082,0.849488,BLU
326894,0.687313,BLU
327459,0.437678,BLU
328702,0.798283,BLU
328867,0.615000,BLU
328963,0.600007,BLU
329946,1.000000,BLU
332003,0.425749,BLU
332248,0.233430,BLU
332304,1.000000,BLU
333310,0.749000,BLU
333771,0.212890,BLU
333779,0.491000,BLU
336058,0.498000,BLU
336111,4.189459,BLU
336272,0.626000,BLU
336469,0.469000,BLU
336686,0.431673,BLU
336913,0.670000,BLU
337029,0.618234,BLU
337827,0.871274,BLU
338071,0.035331,BLU
338977,0.416000,BLU
339051,0.456201,BLU
339463,0.587000,BLU
339913,0.061824,BLU
341626,0.641439,BLU
342090,0.376840,BLU
342161,0.390000,BLU
342318,0.543442,BLU
342418,1.000000,BLU
342489,0.669000,BLU
342587,0.778315,BLU
343403,0.521381,BLU
344505,0.116723,BLU
344632,0.129764,BLU
346035,0.820650,BLU
346257,1.000000,BLU
347011,0.431673,BLU
347116,0.301409,BLU
347170,0.800122,BLU
347583,0.867273,BLU
348646,0.375970,BLU
349201,0.714754,BLU
350788,0.190614,BLU
351374,1.000000,BLU
353169,0.385000,BLU
354636,0.386504,BLU
355207,0.716400,BLU
355258,0.406587,BLU
355442,0.792790,BLU
355652,0.460420,BLU
355689,0.654000,BLU
357380,0.700000,BLU
357507,0.349265,BLU
357753,0.251278,BLU
357858,0.238317,BLU
358659,1.000000,BLU
358710,0.656000,BLU
359499,0.566446,BLU
359852,0.522000,BLU
361363,0.040753,BLU
362263,0.485000,BLU
362336,0.540000,BLU
362713,1.000000,BLU
364166,0.552277,BLU
364976,1.000000,BLU
365069,1.000000,BLU
366762,1.000000,BLU
367307,0.682584,BLU
367586,1.000000,BLU
367943,0.405656,BLU
368343,1.000000,BLU
368582,0.264943,BLU
370555,0.409408,BLU
370646,0.509511,BLU
371004,0.664000,BLU
372011,0.556103,BLU
372213,0.524993,BLU
372362,1.000000,BLU
372880,1.000000,BLU
372910,0.589000,BLU
373593,0.573001,BLU
373875,0.820650,BLU
374455,0.595879,BLU
375741,0.166401,BLU
375903,1.000000,BLU
376219,0.606956,BLU
376362,0.459362,BLU
376887,0.572000,BLU
377133,0.718051,BLU
377949,1.169922,BLU
378385,0.714000,BLU
378500,0.748440,BLU
379362,0.295225,BLU
379763,0.647371,BLU
380734,1.000000,BLU
381287,1.000000,BLU
381301,1.000000,BLU
382018,0.418946,BLU
382726,1.000000,BLU
383151,0.216349,BLU
383384,0.721370,BLU
383801,0.346062,BLU
383817,0.364885,BLU
383885,0.399170,BLU
384414,0.711000,BLU
385450,0.005299,BLU
385456,0.621091,BLU
385941,0.065790,BLU
386137,1.000000,BLU
386478,1.000000,BLU
387336,1.000000,BLU
388379,1.119840,BLU
389447,0.641439,BLU
390586,1.000000,BLU
391670,0.551007,BLU
392925,0.004132,BLU
393236,0.552277,BLU
393604,0.262516,BLU
393844,0.368263,BLU
394239,0.764110,BLU
395477,0.805000,BLU
396633,0.476000,BLU
398447,0.755361,BLU
398571,0.790968,BLU
399796,0.781912,BLU
400613,1.000000,BLU
400634,1.000000,BLU
401419,1.000000,BLU
402040,0.567751,BLU
402948,0.571684,BLU
403058,0.155652,BLU
403162,0.549736,BLU
403300,0.023023,BLU
404105,0.791000,BLU
404674,0.188432,BLU
405071,0.128280,BLU
405233,0.623000,BLU
405548,0.484344,BLU
405698,0.401012,BLU
406106,0.280646,BLU
407780,0.871274,BLU
408538,0.379450,BLU
409604,0.493352,BLU
411306,0.646000,BLU
411643,0.703000,BLU
413217,0.419000,BLU
413764,1.000000,BLU
413854,0.730000,BLU
414685,0.670000,BLU
414773,0.714000,BLU
415112,0.792000,BLU
415138,0.415103,BLU
415386,1.009611,BLU
415424,1.104474,BLU
415920,0.349265,BLU
416000,0.358223,BLU
416902,0.583654,BLU
418204,0.654869,BLU
418230,0.550000,BLU
418599,0.554825,BLU
418904,0.883396,BLU
419128,0.615400,BLU
419166,1.000000,BLU
419932,1.000000,BLU
420196,0.687313,BLU
420643,0.293870,BLU
420847,0.515416,BLU
420912,0.074671,BLU
421107,0.629732,BLU
422500,0.638488,BLU
423348,0.758846,BLU
423573,0.493000,BLU
424880,0.760000,BLU
424992,0.281292,BLU
425170,0.186705,BLU
425194,0.595873,BLU
425225,0.750000,BLU
425530,0.657896,BLU
426055,0.724691,BLU
426212,0.590413,BLU
426494,1.000000,BLU
426654,0.422820,BLU
426798,0.242192,BLU
428515,0.565139,BLU
429502,0.579638,BLU
429677,1.000000,BLU
429896,1.000000,BLU
430921,0.704000,BLU
431659,1.000000,BLU
431959,1.000000,BLU
433259,0.573001,BLU
433721,0.565139,BLU
433827,0.321482,BLU
434455,1.000000,BLU
434477,0.816874,BLU
436998,0.161494,BLU
437780,0.382963,BLU
438119,0.158182,BLU
438138,0.723000,BLU
438623,0.587000,BLU
438652,0.162240,BLU
440129,1.000000,BLU
440565,0.644000,BLU
441227,1.000000,BLU
441487,0.657000,BLU
442022,0.641439,BLU
442197,0.535000,BLU
442374,0.449942,BLU
442499,0.580000,BLU
443133,0.470060,BLU
443852,0.503681,BLU
444034,0.435000,BLU
444480,0.197312,BLU
445280,0.668586,BLU
445312,0.527420,BLU
445347,0.583000,BLU
445448,0.620000,BLU
445878,0.725000,BLU
446143,0.659000,BLU
447092,0.538462,BLU
447600,0.597000,BLU
448318,0.548477,BLU
448411,0.853407,BLU
450105,0.122788,BLU
451554,1.000000,BLU
452058,0.385616,BLU
453309,0.451000,BLU
453781,0.574327,BLU
453789,0.518987,BLU
453882,0.529853,BLU
454647,0.449000,BLU
454808,0.470064,BLU
454812,0.387398,BLU
455625,0.531000,BLU
455845,0.188000,BLU
456825,1.037899,BLU
456984,0.788000,BLU
458021,0.672000,BLU
458826,0.520183,BLU
459183,0.702000,BLU
459421,0.942227,BLU
459501,0.709830,BLU
459617,1.445960,BLU
460385,0.075885,BLU
460918,0.857344,BLU
461168,0.774740,BLU
461943,0.385619,BLU
462320,0.120825,BLU
462601,1.000000,BLU
463633,0.448907,BLU
463657,0.869272,BLU
464056,0.676329,BLU
464786,1.000000,BLU
465153,0.738170,BLU
465158,1.233548,BLU
465265,0.675000,BLU
465475,0.535990,BLU
465515,0.613000,BLU
465681,0.486000,BLU
466293,0.190176,BLU
466461,0.248975,BLU
466580,1.033133,BLU
466941,0.918666,BLU
467289,1.000000,BLU
468246,0.737000,BLU
468467,0.041320,BLU
468608,0.570370,BLU
469052,0.690000,BLU
469310,0.629000,BLU
469444,0.605000,BLU
469879,0.181616,BLU
470092,0.910240,BLU
470509,0.242747,BLU
471165,0.336633,BLU
471549,1.000000,BLU
471968,1.000000,BLU
472266,0.290505,BLU
472279,0.589051,BLU
472392,0.895686,BLU
472876,0.641445,BLU
473242,0.284548,BLU
473519,0.790961,BLU
473612,0.033125,BLU
474687,0.276795,BLU
474750,0.171853,BLU
475006,0.354125,BLU
475248,0.157092,BLU
475291,0.439000,BLU
475665,0.647377,BLU
475972,0.883404,BLU
477130,0.729718,BLU
477386,0.582317,BLU
478024,1.000000,BLU
478302,0.964179,BLU
478411,0.587000,BLU
478515,1.000000,BLU
478776,0.634095,BLU
478944,1.000000,BLU
480904,0.506005,BLU
481359,0.494000,BLU
481762,0.650363,BLU
482216,0.931439,BLU
482220,0.556108,BLU
483016,1.000000,BLU
483133,0.660931,BLU
483395,0.794000,BLU
483880,0.466000,BLU
484830,0.476000,BLU
484953,0.310568,BLU
486067,0.818756,BLU
486110,0.642000,BLU
486183,0.679000,BLU
486302,0.703000,BLU
486971,0.006701,BLU
487345,1.000000,BLU
487555,0.826335,BLU
487714,0.835905,BLU
487826,0.177481,BLU
488464,0.572000,BLU
488484,0.663000,BLU
489434,0.466000,BLU
489491,0.284548,BLU
491067,0.723026,BLU
493877,0.673218,BLU
493981,0.300716,BLU
494175,0.141304,BLU
495303,0.767635,BLU
495819,0.365726,BLU
495826,0.241633,BLU
495949,0.235589,BLU
495977,0.701709,BLU
496984,0.597246,BLU
497789,0.250702,BLU
498062,1.040300,BLU
498248,0.471000,BLU
498981,0.220881,BLU
500685,0.208522,BLU
501080,0.504842,BLU
501652,0.126811,BLU
501683,0.638000,BLU
503405,0.383000,BLU
503825,0.566446,BLU
503898,0.454107,BLU
504794,0.664000,BLU
505140,0.244994,BLU
505243,0.826335,BLU
506105,0.342891,BLU
507746,0.259512,BLU
507958,0.497000,BLU
508074,0.796448,BLU
508095,1.000000,BLU
510520,0.615400,BLU
510870,0.508344,BLU
510949,0.714754,BLU
511201,0.674775,BLU
511633,0.221390,BLU
511933,0.507000,BLU
511953,0.988907,BLU
512031,0.084170,BLU
512727,0.010166,BLU
513139,1.000000,BLU
513787,0.283241,BLU
514657,1.205473,BLU
515652,1.000000,BLU
515989,0.485000,BLU
516335,0.818756,BLU
516624,0.211425,BLU
516767,0.792783,BLU
516894,0.665000,BLU
517100,0.946573,BLU
517775,0.822540,BLU
517903,0.450000,BLU
518166,0.851438,BLU
519096,0.800122,BLU
519183,0.113020,BLU
519456,0.780115,BLU
519494,0.719705,BLU
519821,0.497915,BLU
520685,0.637026,BLU
520769,0.648000,BLU
521042,0.399000,BLU
521162,0.715000,BLU
522252,0.212401,BLU
522300,0.693000,BLU
522534,0.845580,BLU
523113,1.079337,BLU
523378,1.000000,BLU
524280,0.674769,BLU
524394,0.405000,BLU
526232,0.426000,BLU
526303,0.792783,BLU
526398,0.591774,BLU
526818,1.052348,BLU
527892,0.520183,BLU
528339,0.634095,BLU
529468,0.167942,BLU
530617,0.507000,BLU
530939,0.590000,BLU
530967,0.695273,BLU
531461,0.272369,BLU
531730,1.000000,BLU
531775,0.217850,BLU
532152,0.495000,BLU
532321,0.955335,BLU
532384,0.265556,BLU
532685,0.495633,BLU
533239,1.037899,BLU
533672,0.792783,BLU
534189,1.000000,BLU
534215,0.078914,BLU
534286,0.725000,BLU
534811,0.657896,BLU
534983,0.753625,BLU
536192,0.774740,BLU
536989,0.562000,BLU
537639,0.450978,BLU
539141,0.912337,BLU
539307,0.484344,BLU
539736,0.409408,BLU
540730,0.213872,BLU
540943,0.548472,BLU
541230,0.445819,BLU
541366,0.413000,BLU
541434,0.209969,BLU
541830,0.165636,BLU
542389,0.813123,BLU
544338,1.000000,BLU
544403,1.000000,BLU
545088,0.482120,BLU
546656,0.281940,BLU
546685,0.434667,BLU
546832,1.000000,BLU
546921,0.667000,BLU
547078,0.409408,BLU
547146,0.540000,BLU
547306,0.618239,BLU
547496,0.090815,BLU
547611,0.701709,BLU
548180,0.589056,BLU
548220,0.502000,BLU
548361,0.444000,BLU
548369,1.000000,BLU
549255,1.000000,BLU
549460,0.772953,BLU
549632,0.754000,BLU
550062,0.449942,BLU
550246,0.781000,BLU
551649,0.533000,BLU
551738,0.565144,BLU
552225,0.589056,BLU
552254,0.611000,BLU
552411,0.734780,BLU
553873,0.385619,BLU
554257,0.443768,BLU
554361,0.873282,BLU
554731,0.534758,BLU
555407,0.601389,BLU
555440,0.647371,BLU
556119,0.776525,BLU
556971,0.843636,BLU
557190,0.609000,BLU
558222,0.321482,BLU
558240,0.574000,BLU
558556,0.522582,BLU
558958,0.481016,BLU
560030,0.718051,BLU
560331,0.800122,BLU
560530,0.602775,BLU
561143,0.692074,BLU
561709,0.133400,BLU
561716,1.000000,BLU
561903,0.345267,BLU
561934,1.000000,BLU
562802,0.492218,BLU
564150,0.676000,BLU
564498,0.218855,BLU
564556,1.000000,BLU
564716,0.468980,BLU
564821,0.676000,BLU
565276,0.559956,BLU
565402,0.849488,BLU
565763,0.703000,BLU
566698,0.067012,BLU
566857,0.769410,BLU
567435,0.776000,BLU
568511,0.708000,BLU
568616,0.221388,BLU
569294,0.664000,BLU
570316,1.000000,BLU
570617,0.478000,BLU
571036,0.714754,BLU
572088,0.711465,BLU
572751,0.160383,BLU
573007,0.674775,BLU
573553,0.799000,BLU
575531,1.000000,BLU
575534,0.977593,BLU
576066,1.000000,BLU
576750,0.683000,BLU
577245,0.442000,BLU
577597,0.877318,BLU
577761,0.438000,BLU
578092,0.540946,BLU
578239,0.623957,BLU
579394,0.112242,BLU
579765,0.786000,BLU
580157,0.701000,BLU
580915,1.107019,BLU
581118,0.699000,BLU
581456,1.000000,BLU
581549,0.767641,BLU
582204,1.000000,BLU
583094,1.000000,BLU
583448,1.000000,BLU
584085,1.000000,BLU
584970,0.335856,BLU
585033,0.345000,BLU
585941,0.436000,BLU
586693,1.000000,BLU
586891,0.365726,BLU
589008,0.085734,BLU
589540,0.881365,BLU
589797,0.473000,BLU
590031,0.617000,BLU
590120,0.540951,BLU
590258,0.758846,BLU
591069,0.557000,BLU
591165,1.000000,BLU
592177,0.374244,BLU
593532,0.477702,BLU
593620,0.482124,BLU
594392,1.358801,BLU
594617,0.690489,BLU
596188,0.468984,BLU
596401,0.491000,BLU
597002,0.737000,BLU
597451,0.476600,BLU
598015,0.731000,BLU
598079,0.625394,BLU
599333,0.684000,BLU
600755,0.513045,BLU
601457,0.700090,BLU
601533,0.446000,BLU
601946,0.398253,BLU
601958,0.461000,BLU
602526,0.451000,BLU
603396,0.577000,BLU
603571,0.325205,BLU
603725,1.194417,BLU
604416,1.489898,BLU
604824,0.461000,BLU
605055,0.201909,BLU
605093,0.695000,BLU
605241,0.887471,BLU
605519,0.780108,BLU
606447,1.000000,BLU
607000,0.333548,BLU
607093,0.464682,BLU
607291,0.517000,BLU
607340,0.642923,BLU
607561,0.259510,BLU
609216,0.370814,BLU
609485,0.586000,BLU
609513,1.188932,BLU
609768,0.593000,BLU
610703,0.751893,BLU
610782,0.556000,BLU
610794,0.035412,BLU
611654,0.476600,BLU
611879,0.644404,BLU
612897,1.000000,BLU
613159,0.557384,BLU
613802,1.000000,BLU
614326,1.000000,BLU
614573,0.686000,BLU
615692,0.467906,BLU
616153,0.235047,BLU
616226,0.569059,BLU
616655,0.446846,BLU
617286,0.422820,BLU
617853,0.751899,BLU
618121,0.738170,BLU
618370,0.110703,BLU
620652,0.110448,BLU
621569,0.158912,BLU
621774,0.885431,BLU
622089,0.724691,BLU
622251,0.461000,BLU
622937,1.000000,BLU
623908,0.659412,BLU
625047,0.623000,BLU
625595,0.986633,BLU
625774,0.809389,BLU
626120,0.459000,BLU
626509,0.645000,BLU
626552,0.503000,BLU
627520,0.510000,BLU
628179,1.000000,BLU
628213,0.535990,BLU
628500,0.586000,BLU
629377,0.587702,BLU
629822,1.000000,BLU
629988,0.682584,BLU
629991,1.000000,BLU
630287,0.439701,BLU
630399,1.000000,BLU
631014,0.914447,BLU
631720,0.781912,BLU
632074,1.000000,BLU
632105,1.000000,BLU
632365,0.667043,BLU
632378,0.589056,BLU
632647,0.488000,BLU
633412,0.447875,BLU
633483,0.865280,BLU
633565,0.929306,BLU
634248,0.893627,BLU
634754,0.587702,BLU
635497,0.726367,BLU
635561,0.062973,BLU
635671,0.566000,BLU
635695,1.000000,BLU
636013,0.667049,BLU
637114,0.567751,BLU
637635,0.635000,BLU
637637,1.000000,BLU
637663,0.639965,BLU
638494,1.250709,BLU
638527,0.670126,BLU
639085,1.037899,BLU
639096,1.000000,BLU
639158,0.565000,BLU
639400,0.287843,BLU
639552,0.653369,BLU
640492,0.052379,BLU
640623,0.473321,BLU
641147,0.576971,BLU
641491,0.488827,BLU
642185,0.560000,BLU
642536,1.000000,BLU
642649,0.597252,BLU
642834,1.000000,BLU
643015,0.695273,BLU
643706,0.394000,BLU
644023,0.885439,BLU
644171,1.000000,BLU
644854,0.367417,BLU
645941,0.622528,BLU
645944,0.871282,BLU
647123,0.724698,BLU
647413,0.183720,BLU
648670,0.376840,BLU
649286,0.611000,BLU
649850,0.726000,BLU
650197,0.698480,BLU
650453,0.853407,BLU
650659,0.701703,BLU
650697,0.635562,BLU
651523,1.000000,BLU
653385,0.794617,BLU
656275,0.566000,BLU
656926,0.622522,BLU
657027,0.016261,BLU
658065,0.533528,BLU
658690,0.606951,BLU
659751,0.389000,BLU
659773,0.430000,BLU
659778,0.714000,BLU
660169,0.488827,BLU
661030,0.752000,BLU
661192,0.769403,BLU
661682,0.812000,BLU
662158,0.607000,BLU
662355,0.516604,BLU
662467,0.685733,BLU
663168,0.269871,BLU
663565,0.225505,BLU
664330,0.396420,BLU
664975,0.446846,BLU
665286,0.418942,BLU
665457,0.760601,BLU
666869,0.778000,BLU
667434,0.837831,BLU
667844,0.656384,BLU
668726,0.496770,BLU
669348,0.474415,BLU
670126,1.000000,BLU
670364,0.424771,BLU
670500,0.741575,BLU
670725,0.425000,BLU
670749,0.586346,BLU
671263,1.000000,BLU
671381,0.800000,BLU
671978,0.692080,BLU
673076,0.733085,BLU
673615,0.653000,BLU
673948,0.631183,BLU
674574,1.167223,BLU
674702,0.485464,BLU
674827,0.937900,BLU
674831,0.365726,BLU
674969,0.713000,BLU
675245,0.573001,BLU
675466,0.625400,BLU
675561,0.100266,BLU
675643,0.260709,BLU
675793,0.438687,BLU
677597,0.649000,BLU
678542,0.585000,BLU
678855,0.470000,BLU
679509,0.691000,BLU
679639,0.734780,BLU
679945,0.422820,BLU
680127,0.175857,BLU
680964,1.000000,BLU
681339,0.294547,BLU
681549,0.670126,BLU
682463,1.000000,BLU
684786,0.508339,BLU
684981,0.216349,BLU
685399,0.189739,BLU
686187,0.739871,BLU
687085,0.484344,BLU
687136,0.515412,BLU
687415,0.224468,BLU
687903,0.008693,BLU
688531,0.569054,BLU
688717,0.709830,BLU
688836,0.340532,BLU
688939,1.000000,BLU
689230,0.591774,BLU
689758,0.248975,BLU
690548,0.341313,BLU
691252,0.619664,BLU
691398,0.473321,BLU
691521,0.743290,BLU
691906,1.000000,BLU
692020,0.609000,BLU
692136,0.369112,BLU
692317,0.785519,BLU
692398,0.514227,BLU
692485,0.629732,BLU
692714,0.444790,BLU
693134,1.000000,BLU
693284,1.000000,BLU
693350,0.803813,BLU
693513,0.593137,BLU
694069,0.828246,BLU
694327,0.509000,BLU
694934,1.000000,BLU
696146,0.402862,BLU
696590,0.540946,BLU
696891,0.792790,BLU
697034,1.000000,BLU
697594,0.499000,BLU
697623,1.000000,BLU
697703,1.000000,BLU
698328,0.623957,BLU
698425,0.734774,BLU
699062,1.000000,BLU
699272,0.062973,BLU
699371,0.922904,BLU
699815,0.660931,BLU
699926,0.409408,BLU
700043,0.475504,BLU
700757,1.148571,BLU
701381,0.521000,BLU
702876,0.704000,BLU
703280,0.668000,BLU
703326,0.521381,BLU
703515,0.786000,BLU
703733,0.548472,BLU
704055,0.705000,BLU
704286,0.837831,BLU
704782,0.584998,BLU
704811,0.684156,BLU
704900,0.655000,BLU
705406,0.523786,BLU
705464,0.172646,BLU
705530,0.025713,BLU
706363,0.495628,BLU
706740,0.632000,BLU
707186,0.724698,BLU
707614,0.474000,BLU
708170,0.457253,BLU
709438,0.497000,BLU
709638,0.456201,BLU
710099,0.575645,BLU
710279,0.567751,BLU
710434,0.895686,BLU
711439,0.069849,BLU
711839,0.562000,BLU
712337,0.382963,BLU
712422,0.543000,BLU
712578,0.696881,BLU
712916,0.444000,BLU
713028,0.767000,BLU
713100,0.413194,BLU
713668,1.000000,BLU
713709,1.000000,BLU
713765,0.849488,BLU
713948,0.600000,BLU
714836,0.851445,BLU
715196,1.000000,BLU
715706,0.500212,BLU
715741,1.000000,BLU
716342,0.531074,BLU
716692,0.623000,BLU
716954,0.765870,BLU
717122,0.437000,BLU
717390,0.379450,BLU
717885,0.623962,BLU
718980,0.567000,BLU
719297,0.352498,BLU
720397,0.364044,BLU
721349,0.933585,BLU
722793,0.633000,BLU
722987,0.833984,BLU
723434,0.506005,BLU
724318,0.741575,BLU
725114,0.543442,BLU
725399,0.785000,BLU
725624,0.278072,BLU
727103,0.760601,BLU
727201,0.345267,BLU
728070,1.000000,BLU
728413,0.669000,BLU
728798,0.658000,BLU
728847,0.944397,BLU
729034,0.579638,BLU
729507,0.565144,BLU
729517,0.553549,BLU
729584,0.329727,BLU
730099,0.359051,BLU
731099,0.287843,BLU
732095,0.585000,BLU
732481,0.107685,BLU
732720,0.462548,BLU
732898,0.625394,BLU
733583,0.178302,BLU
734261,0.619664,BLU
735593,0.611000,BLU
735815,0.686000,BLU
736286,0.721364,BLU
736295,0.611161,BLU
736642,0.184993,BLU
737222,0.651862,BLU
739500,0.464000,BLU
739711,0.582312,BLU
740584,0.859319,BLU
741487,1.040300,BLU
741600,0.598628,BLU
742528,1.000000,BLU
742677,0.426000,BLU
742786,0.374247,BLU
743041,0.468000,BLU
743261,0.061116,BLU
744093,1.000000,BLU
746142,1.000000,BLU
746652,0.508344,BLU
747029,0.562000,BLU
747724,1.094344,BLU
747781,0.754000,BLU
747883,0.946582,BLU
748043,0.455000,BLU
749779,0.760594,BLU
750821,0.126811,BLU
751163,0.875301,BLU
752242,1.000000,BLU
752272,0.798283,BLU
753422,0.506000,BLU
754140,0.822533,BLU
755135,0.369962,BLU
755370,0.822540,BLU
756126,1.000000,BLU
756319,1.000000,BLU
756383,0.615000,BLU
759425,0.371669,BLU
759837,0.200980,BLU
761265,0.828239,BLU
761769,0.718051,BLU
761810,1.000000,BLU
762184,0.542000,BLU
763134,0.758852,BLU
763207,0.750164,BLU
763293,0.920774,BLU
763427,1.000000,BLU
763619,0.438691,BLU
764321,0.440714,BLU
765054,0.512000,BLU
765086,1.000000,BLU
765668,0.706570,BLU
766102,1.000000,BLU
766118,0.590413,BLU
766363,1.000000,BLU
766685,0.785519,BLU
766933,0.605556,BLU
766953,0.695273,BLU
768111,0.671670,BLU
768120,0.700000,BLU
768174,0.678000,BLU
768691,0.681015,BLU
768952,0.683000,BLU
768966,0.753625,BLU
769059,0.435669,BLU
769206,0.585000,BLU
769368,0.798276,BLU
769426,0.605556,BLU
769512,1.000000,BLU
769541,0.644000,BLU
770401,0.717000,BLU
770575,1.000000,BLU
770600,0.116723,BLU
770821,0.285203,BLU
771517,0.455153,BLU
772429,1.112136,BLU
772845,0.709836,BLU
773228,0.228641,BLU
773838,1.059629,BLU
774687,0.216850,BLU
774953,0.465753,BLU
776284,0.424000,BLU
776759,0.692000,BLU
776801,0.048435,BLU
777374,0.800000,BLU
777558,0.619664,BLU
778849,1.000000,BLU
779775,0.651867,BLU
780592,1.000000,BLU
783288,0.662459,BLU
783627,0.515412,BLU
785922,1.104474,BLU
786995,0.173843,BLU
787558,0.693675,BLU
788039,0.668000,BLU
791433,0.459366,BLU
791478,0.663980,BLU
792290,0.670126,BLU
792762,0.365726,BLU
793979,0.491087,BLU
794164,0.147284,BLU
794241,0.585000,BLU
794860,0.434000,BLU
795034,0.476000,BLU
795779,0.442748,BLU
797394,1.000000,BLU
797410,0.881365,BLU
797617,0.587000,BLU
798386,1.000000,BLU
800486,0.787329,BLU
800899,0.702000,BLU
803184,0.623000,BLU
803402,0.778000,BLU
803830,0.781912,BLU
804324,0.606956,BLU
804330,0.325205,BLU
805219,0.657000,BLU
805633,0.706570,BLU
806711,0.346065,BLU
807334,0.517000,BLU
807707,0.671670,BLU
808134,0.977584,BLU
808139,0.552272,BLU
808481,0.369962,BLU
808579,0.403790,BLU
808811,0.682584,BLU
809167,0.144929,BLU
809443,0.345267,BLU
810765,0.335859,BLU
810880,0.526207,BLU
811058,0.453000,BLU
811456,0.541000,BLU
811659,0.642923,BLU
811689,1.000000,BLU
811700,0.538000,BLU
812706,0.330489,BLU
812993,0.565144,BLU
813455,0.553000,BLU
814973,0.645889,BLU
816596,0.291848,BLU
816638,0.457253,BLU
818249,0.563840,BLU
818465,0.757101,BLU
818800,1.000000,BLU
818825,0.026925,BLU
819172,0.576971,BLU
820281,0.432667,BLU
821643,0.770000,BLU
821940,0.940061,BLU
823817,1.000000,BLU
823862,0.403000,BLU
824019,0.058097,BLU
824045,1.000000,BLU
824364,0.571684,BLU
824613,0.933585,BLU
824618,1.000000,BLU
824635,0.684156,BLU
824871,0.328972,BLU
825668,0.690483,BLU
825687,1.000000,BLU
826154,0.629732,BLU
826989,0.560000,BLU
827040,0.119167,BLU
827195,0.272369,BLU
827849,0.728000,BLU
828000,0.776525,BLU
828282,1.000000,BLU
829342,0.402865,BLU
830133,0.602775,BLU
830312,0.500212,BLU
830661,0.538467,BLU
831978,0.279357,BLU
832754,1.000000,BLU
833042,0.462548,BLU
833221,1.000000,BLU
833950,0.711465,BLU
836473,0.803813,BLU
837226,0.503000,BLU
837364,0.358223,BLU
837613,0.584000,BLU
838188,1.011946,BLU
838473,1.000000,BLU
840220,0.657000,BLU
840278,0.595873,BLU
841708,0.389185,BLU
841730,0.728047,BLU
841798,1.000000,BLU
842326,0.299335,BLU
842650,0.933593,BLU
843218,0.753000,BLU
843284,0.673223,BLU
843441,0.647377,BLU
844372,0.573001,BLU
844666,1.000000,BLU
846017,0.597252,BLU
846068,0.012251,BLU
846614,0.537225,BLU
847966,0.961954,BLU
848572,0.606956,BLU
849175,1.000000,BLU
849718,0.708198,BLU
849725,0.656378,BLU
849908,0.590413,BLU
850159,0.522000,BLU
850194,0.503000,BLU
850964,0.670126,BLU
851396,0.569054,BLU
851889,1.112126,BLU
853324,0.351688,BLU
853686,0.472000,BLU
854839,0.734000,BLU
856060,0.504000,BLU
856250,0.382963,BLU
856997,0.350877,BLU
858490,0.537000,BLU
858942,1.000000,BLU
859626,0.891566,BLU
859808,0.377708,BLU
860450,0.559960,BLU
860713,0.708198,BLU
861087,1.000000,BLU
861615,0.095314,BLU
861654,0.774740,BLU
862058,0.684156,BLU
862187,0.746713,BLU
863198,1.000000,BLU
863637,0.557384,BLU
864044,0.291848,BLU
864124,0.597252,BLU
865420,1.000000,BLU
867448,0.394000,BLU
868068,0.641439,BLU
868663,0.591000,BLU
868816,0.555000,BLU
869891,0.509515,BLU
870620,0.682000,BLU
872373,0.558668,BLU
872567,0.580000,BLU
872825,0.718000,BLU
873407,0.638494,BLU
873499,0.688902,BLU
874308,0.931447,BLU
874405,0.613980,BLU
875924,0.487704,BLU
876053,0.713111,BLU
876270,0.380325,BLU
876386,0.781905,BLU
878566,0.611161,BLU
879130,0.373383,BLU
879819,1.000000,BLU
880457,0.629732,BLU
880531,0.718057,BLU
880940,0.491087,BLU
881206,0.885431,BLU
881532,0.560000,BLU
882198,0.103076,BLU
882505,0.583000,BLU
882514,0.527420,BLU
883418,0.678000,BLU
884345,0.266168,BLU
884735,1.000000,BLU
885498,0.440000,BLU
885972,0.654875,BLU
887753,0.726367,BLU
887755,0.918666,BLU
887832,1.000000,BLU
887855,0.197312,BLU
889383,0.657896,BLU
889659,0.608349,BLU
890018,0.317073,BLU
890192,0.589056,BLU
890662,0.607000,BLU
890841,0.544000,BLU
890984,0.758000,BLU
892998,0.925030,BLU
893033,0.391000,BLU
893764,1.009620,BLU
895142,0.771183,BLU
895293,0.600007,BLU
895496,0.692080,BLU
896198,0.675000,BLU
896953,1.000000,BLU
897299,0.661000,BLU
898354,0.803813,BLU
898541,0.206614,BLU
899537,0.076060,BLU
900353,0.168327,BLU
900425,0.621091,BLU
901001,0.609000,BLU
903092,0.278712,BLU
904265,0.347000,BLU
904278,0.903969,BLU
904792,0.444794,BLU
905166,0.429694,BLU
905416,0.627000,BLU
905623,0.443000,BLU
905676,0.529000,BLU
906057,0.136194,BLU
906149,0.818756,BLU
906578,0.887479,BLU
907675,0.125649,BLU
908032,0.687319,BLU
908790,0.540946,BLU
908883,0.274888,BLU
909228,0.223952,BLU
909256,0.887479,BLU
909560,1.000000,BLU
910004,0.843636,BLU
910029,0.648868,BLU
910400,0.700000,BLU
911580,1.000000,BLU
911723,1.052339,BLU
912005,0.584998,BLU
912632,0.677887,BLU
912859,0.466000,BLU
913115,0.744996,BLU
913374,0.571684,BLU
913465,0.622000,BLU
913755,0.729000,BLU
913945,0.648000,BLU
914504,1.000000,BLU
914572,0.562539,BLU
915041,0.338186,BLU
915144,0.706570,BLU
915357,0.544000,BLU
916005,0.457000,BLU
917401,0.935744,BLU
917642,1.000000,BLU
918542,0.482000,BLU
918850,0.950948,BLU
919136,0.500212,BLU
919208,0.549000,BLU
920788,1.337075,BLU
920938,0.382082,BLU
921233,0.839762,BLU
921761,0.643000,BLU
922078,0.785000,BLU
922222,0.281940,BLU
923300,0.811254,BLU
923854,0.672000,BLU
924566,0.052138,BLU
925351,0.070820,BLU
926105,0.966400,BLU
926498,1.000000,BLU
926828,0.586000,BLU
927024,0.741582,BLU
928600,0.841697,BLU
929532,0.601000,BLU
929682,0.239970,BLU
930422,0.492214,BLU
931078,0.742000,BLU
931677,1.000000,BLU
932845,1.000000,BLU
933352,0.935744,BLU
933658,0.845580,BLU
933659,0.448907,BLU
933976,0.445819,BLU
934234,0.783713,BLU
934343,0.134016,BLU
934368,0.464000,BLU
934419,0.483231,BLU
934667,0.707000,BLU
934843,0.776000,BLU
935652,0.361000,BLU
935830,0.015316,BLU
936454,0.026373,BLU
937194,0.632643,BLU
938102,0.452017,BLU
938172,0.261310,BLU
940048,0.449942,BLU
941454,0.714754,BLU
942113,0.728041,BLU
942572,1.000000,BLU
943783,0.410000,BLU
944031,1.000000,BLU
944255,0.918658,BLU
944497,0.484348,BLU
944796,0.195955,BLU
945309,0.438000,BLU
945375,1.000000,BLU
945484,1.000000,BLU
946338,0.526000,BLU
946957,0.508344,BLU
948105,0.816874,BLU
948765,0.474000,BLU
948864,0.684162,BLU
949168,1.000000,BLU
949619,1.000000,BLU
950319,0.625394,BLU
950643,0.781912,BLU
950772,1.000000,BLU
950905,0.724698,BLU
951101,0.453000,BLU
951207,0.438687,BLU
951915,0.381000,BLU
953044,0.374247,BLU
953097,0.779000,BLU
953656,0.438687,BLU
953879,0.415103,BLU
956746,0.701000,BLU
956962,1.000000,BLU
958087,1.000000,BLU
958853,0.428703,BLU
958959,1.000000,BLU
959304,0.595000,BLU
959416,0.006889,BLU
959558,0.060976,BLU
960437,0.623000,BLU
961107,1.202702,BLU
961220,1.000000,BLU
962101,0.767635,BLU
963352,0.523000,BLU
963819,0.637020,BLU
963837,0.037771,BLU
964436,0.688902,BLU
964637,0.259512,BLU
964780,1.000000,BLU
964942,1.000000,BLU
965224,0.398249,BLU
965226,0.364047,BLU
966231,0.482124,BLU
966659,1.169922,BLU
967393,0.695000,BLU
967738,0.674769,BLU
968194,0.265556,BLU
969348,0.496770,BLU
969735,0.925030,BLU
969737,0.630000,BLU
969825,0.524000,BLU
970077,0.741575,BLU
970405,0.727000,BLU
970695,0.676323,BLU
970795,1.052339,BLU
971360,0.561000,BLU
971458,0.508000,BLU
973211,0.300025,BLU
973644,0.580973,BLU
973983,0.780000,BLU
974185,0.600007,BLU
974850,0.748000,BLU
975456,1.000000,BLU
975463,0.430684,BLU
977224,0.584998,BLU
977238,0.066858,BLU
977626,0.806000,BLU
977680,0.521000,BLU
978031,0.725000,BLU
979202,0.405656,BLU
979253,0.623000,BLU
979356,0.645889,BLU
979372,1.000000,BLU
979571,0.805672,BLU
980284,1.000000,BLU
980641,1.000000,BLU
980722,0.515412,BLU
981441,0.654869,BLU
982563,0.645883,BLU
983135,0.729718,BLU
983360,0.753625,BLU
983575,0.741000,BLU
983801,1.000000,BLU
984339,0.445000,BLU
984811,0.034368,BLU
986443,1.000000,BLU
986629,0.375970,BLU
986752,0.767635,BLU
987588,0.582312,BLU
989105,0.412247,BLU
990154,0.597252,BLU
990363,1.000000,BLU
990597,1.000000,BLU
990857,0.670126,BLU
992437,0.607000,BLU
994707,0.770000,BLU
994841,0.416000,BLU
995278,0.676329,BLU
995941,0.547000,BLU
996455,0.737000,BLU
996834,0.355758,BLU
996963,0.744996,BLU
997351,1.007290,BLU
997373,1.000000,BLU
997780,1.000000,BLU
997928,0.764000,BLU
998781,0.625400,BLU
999077,0.082633,BLU
999693,0.537000,BLU
999915,1.000000,BLU
1000894,0.948754,BLU
1002511,0.459000,BLU
1002786,0.595879,BLU
1002909,0.635000,BLU
1003627,0.748000,BLU
1003852,0.816874,BLU
1003860,0.375109,BLU
1003876,1.000000,BLU
1005059,0.732000,BLU
1005199,0.728000,BLU
1007468,0.895686,BLU
1007567,0.748000,BLU
1008790,0.521381,BLU
1011026,0.673000,BLU
1011872,0.397334,BLU
1012151,0.718000,BLU
1012616,1.000000,BLU
1014235,0.719705,BLU
1014553,1.000000,BLU
1014611,1.000000,BLU
1015934,0.668586,BLU
1017947,0.435000,BLU
1018631,1.000000,BLU
1018850,1.000000,BLU
1026757,1.000000,BLU
1027650,0.861299,BLU
1027878,0.778000,BLU
1028133,0.377000,BLU
1028206,1.000000,BLU
1028869,0.518000,BLU
1030424,0.531000,BLU
1030686,1.000000,BLU
1032553,0.680000,BLU
1034240,1.000000,BLU
1035321,1.000000,BLU
1035849,0.728041,BLU
1036639,0.961962,BLU
1037259,0.714754,BLU
1042830,1.033133,BLU
1043557,0.705000,BLU
1045700,0.805665,BLU
1045904,0.606000,BLU
1046875,0.525000,BLU
1047454,0.944397,BLU
1049136,0.695273,BLU
1050399,0.492000,BLU
1052385,0.559000,BLU
1053990,0.765870,BLU
1066042,0.696881,BLU
1075324,1.000000,BLU
1075948,0.532000,BLU
1082900,0.887471,BLU
1086000,0.773000,BLU
1093775,0.660931,BLU
1103708,1.000000,BLU
100728,0.614000,GRN
110707,0.741000,GRN
123228,0.893627,GRN
143648,1.000000,GRN
145252,0.549741,GRN
149081,1.000000,GRN
150058,0.708198,GRN
150214,1.122420,GRN
155074,0.769403,GRN
161349,0.828239,GRN
164133,0.639965,GRN
166981,0.578306,GRN
167507,0.636000,GRN
167601,0.124496,GRN
169542,1.064527,GRN
172592,1.000000,GRN
172708,0.642000,GRN
174129,0.613980,GRN
177697,0.579000,GRN
178236,0.489954,GRN
179631,0.765870,GRN
189307,1.000000,GRN
191981,0.758846,GRN
192185,0.320003,GRN
192643,0.903969,GRN
193212,0.719712,GRN
200240,0.356578,GRN
201389,0.686000,GRN
201555,0.785000,GRN
202984,0.410354,GRN
205954,0.684000,GRN
206533,0.430000,GRN
208739,0.470000,GRN
210704,0.687000,GRN
212499,0.570000,GRN
213360,0.567746,GRN
215142,0.758852,GRN
216708,1.000000,GRN
217425,0.524993,GRN
220551,0.583654,GRN
223951,0.751899,GRN
228670,0.575650,GRN
229549,0.383000,GRN
229938,0.767641,GRN
231837,0.783713,GRN
233605,1.076856,GRN
233916,1.000000,GRN
235265,1.071911,GRN
238668,0.768000,GRN
240362,0.357403,GRN
241554,1.000000,GRN
242550,0.521000,GRN
244448,0.612569,GRN
249669,0.822540,GRN
253494,0.780108,GRN
254070,0.171851,GRN
254973,0.851438,GRN
255148,0.431677,GRN
255653,0.741575,GRN
261602,0.443768,GRN
262286,0.019506,GRN
262516,0.334317,GRN
263032,0.798276,GRN
264041,0.440000,GRN
264232,0.174244,GRN
264418,0.670126,GRN
264588,1.000000,GRN
266013,0.748440,GRN
266042,0.765877,GRN
271177,1.000000,GRN
274335,0.697000,GRN
277467,0.635000,GRN
278421,0.606000,GRN
279879,1.000000,GRN
279993,0.413000,GRN
280322,0.548000,GRN
280712,1.138036,GRN
280768,0.633000,GRN
280813,0.736473,GRN
284147,0.359051,GRN
284733,0.558000,GRN
285283,0.544699,GRN
285627,0.378578,GRN
287239,0.709836,GRN
289874,0.875294,GRN
289891,0.741575,GRN
293576,0.056645,GRN
295934,0.552272,GRN
295961,0.176260,GRN
303691,0.353311,GRN
305868,0.482120,GRN
306476,0.656378,GRN
307901,0.526000,GRN
309585,0.087329,GRN
310180,0.671670,GRN
310591,0.973095,GRN
311451,0.851445,GRN
312003,0.338186,GRN
314431,0.716400,GRN
314830,0.946573,GRN
316110,0.612569,GRN
317570,0.187135,GRN
317720,0.203777,GRN
327470,0.811254,GRN
328627,0.774740,GRN
329628,0.770000,GRN
330333,1.000000,GRN
331013,0.348463,GRN
333072,0.578306,GRN
333082,0.438691,GRN
333229,0.857344,GRN
334369,0.232358,GRN
336989,1.233548,GRN
339381,0.781905,GRN
339687,0.618234,GRN
342325,0.961954,GRN
342369,0.650363,GRN
344843,0.507171,GRN
345932,0.485464,GRN
348345,0.573007,GRN
350733,0.622522,GRN
352454,0.857344,GRN
353402,1.000000,GRN
353591,0.468980,GRN
358432,0.501364,GRN
361705,0.751893,GRN
364116,1.000000,GRN
367739,0.651862,GRN
368267,0.601389,GRN
368360,0.706570,GRN
371168,0.206612,GRN
373275,0.807521,GRN
374747,0.676000,GRN
379302,1.000000,GRN
379813,0.597252,GRN
381137,0.611161,GRN
381564,0.772960,GRN
381621,0.575000,GRN
383898,0.303497,GRN
386177,0.783707,GRN
386536,0.718057,GRN
386731,0.598000,GRN
388484,0.496770,GRN
388646,0.515412,GRN
390895,0.684000,GRN
391416,0.857351,GRN
391905,0.279354,GRN
393765,0.306307,GRN
393849,0.613986,GRN
393866,0.748440,GRN
397321,0.696875,GRN
397900,0.937900,GRN
398904,0.790961,GRN
399685,0.696000,GRN
400930,0.901899,GRN
401148,0.855373,GRN
402319,1.000000,GRN
403419,0.668580,GRN
404028,0.609756,GRN
407347,0.692080,GRN
408043,0.771183,GRN
408440,0.792790,GRN
408968,0.517794,GRN
411160,0.665510,GRN
412346,0.944397,GRN
413642,0.381204,GRN
414248,0.679449,GRN
415440,0.724698,GRN
417652,1.000000,GRN
419216,0.459362,GRN
419317,1.349452,GRN
419634,0.241077,GRN
420086,0.729725,GRN
420622,0.755361,GRN
422734,0.748440,GRN
423522,1.000000,GRN
424136,0.128279,GRN
427683,0.796000,GRN
428262,0.575650,GRN
428823,0.717000,GRN
429443,0.522582,GRN
432314,0.695273,GRN
433236,1.000000,GRN
433662,1.000000,GRN
434653,0.493352,GRN
435741,1.000000,GRN
437094,0.382963,GRN
437924,1.000000,GRN
438137,0.174644,GRN
438627,0.979837,GRN
440292,1.000000,GRN
442236,0.609756,GRN
443935,0.683000,GRN
445486,0.547212,GRN
446680,1.000000,GRN
447171,0.663980,GRN
447224,0.639965,GRN
447837,0.735000,GRN
448160,0.482120,GRN
448282,0.839762,GRN
448517,0.814996,GRN
448782,0.069208,GRN
448996,0.187566,GRN
449276,0.743284,GRN
449364,0.634095,GRN
451179,1.000000,GRN
452169,0.653364,GRN
452901,0.649000,GRN
454474,0.796448,GRN
454916,0.771183,GRN
455313,0.735000,GRN
455603,0.600007,GRN
456808,0.573001,GRN
457171,0.586346,GRN
459682,0.516000,GRN
460965,0.865280,GRN
461606,0.912345,GRN
462238,0.613000,GRN
462290,0.593137,GRN
464309,0.914447,GRN
465316,0.833984,GRN
468408,0.343681,GRN
468485,0.857344,GRN
468771,0.688896,GRN
469339,0.995758,GRN
471626,0.642917,GRN
471767,0.713111,GRN
473114,0.764110,GRN
477125,0.885431,GRN
481172,0.684156,GRN
481664,0.309142,GRN
485277,0.511866,GRN
485406,0.927161,GRN
486220,0.764110,GRN
490038,0.803813,GRN
490692,0.801965,GRN
491819,0.743290,GRN
492534,0.146608,GRN
494577,0.977593,GRN
495324,0.290508,GRN
496985,0.346859,GRN
496988,0.606000,GRN
497397,0.476604,GRN
498351,0.601000,GRN
498569,0.673218,GRN
499247,0.734780,GRN
500252,0.595873,GRN
500438,0.637026,GRN
502241,0.665515,GRN
502297,0.408466,GRN
502321,0.783713,GRN
502554,0.700096,GRN
503415,0.757108,GRN
505102,1.114698,GRN
505480,0.437678,GRN
506033,0.755368,GRN
506854,1.094344,GRN
507179,1.000000,GRN
508514,0.822540,GRN
510152,0.875301,GRN
510223,0.300716,GRN
510871,0.591774,GRN
512384,0.648000,GRN
512778,0.610000,GRN
512840,0.778315,GRN
513984,0.654869,GRN
514705,0.586346,GRN
516101,0.168716,GRN
516147,0.647371,GRN
516177,0.750164,GRN
516922,1.057194,GRN
517617,0.753000,GRN
519447,0.289171,GRN
521908,0.832060,GRN
526106,0.360708,GRN
528135,0.506000,GRN
529336,0.674769,GRN
529584,0.530000,GRN
529855,0.988907,GRN
530363,0.579638,GRN
530790,0.839762,GRN
532786,0.430000,GRN
533666,0.811254,GRN
534026,0.833984,GRN
534119,0.412247,GRN
534850,0.660931,GRN
536630,1.000000,GRN
536673,0.600000,GRN
537774,0.412247,GRN
538906,0.521381,GRN
539583,0.979837,GRN
543535,0.729718,GRN
544769,1.000000,GRN
547352,0.496770,GRN
549557,0.291177,GRN
549676,0.667049,GRN
551947,0.092716,GRN
553928,0.557384,GRN
556169,0.551007,GRN
556928,0.171064,GRN
558647,0.133094,GRN
559688,1.000000,GRN
565978,0.794617,GRN
567121,0.595879,GRN
567452,0.966400,GRN
568506,0.656378,GRN
569318,0.473321,GRN
569893,0.845587,GRN
570129,0.404724,GRN
570880,0.745000,GRN
571753,1.000000,GRN
571990,0.728041,GRN
572384,0.455153,GRN
572704,0.660931,GRN
575696,0.081876,GRN
576870,1.153859,GRN
577692,0.617000,GRN
577999,0.264337,GRN
579415,0.477000,GRN
580231,0.590413,GRN
580861,1.291684,GRN
580884,0.733085,GRN
581105,0.369959,GRN
582749,1.000000,GRN
585366,1.096875,GRN
585642,0.339746,GRN
586341,0.403790,GRN
586685,0.679449,GRN
587486,0.728000,GRN
592667,0.698480,GRN
592797,0.647377,GRN
593404,1.396873,GRN
594434,0.792790,GRN
595487,0.659412,GRN
599948,0.824435,GRN
600384,0.522000,GRN
605445,0.352498,GRN
606414,0.851438,GRN
608549,1.000000,GRN
609017,0.835898,GRN
613328,0.623957,GRN
613543,0.650363,GRN
616159,0.699000,GRN
616983,0.448907,GRN
617775,0.755368,GRN
619550,0.609756,GRN
620323,0.726000,GRN
623618,0.822533,GRN
624239,1.018957,GRN
624284,1.000000,GRN
624526,1.086825,GRN
625004,0.122224,GRN
629776,0.118619,GRN
630435,0.679443,GRN
630484,0.703319,GRN
630503,0.480000,GRN
631272,0.126229,GRN
631339,0.609756,GRN
632339,1.000000,GRN
633300,0.910240,GRN
635245,0.617000,GRN
635784,0.037167,GRN
635862,0.573001,GRN
636324,0.647000,GRN
640145,0.367417,GRN
640360,0.674775,GRN
640443,0.228117,GRN
641847,0.402862,GRN
643223,0.629000,GRN
643313,1.000000,GRN
643480,1.009611,GRN
643581,0.542000,GRN
644795,0.589056,GRN
648114,1.000000,GRN
648173,1.000000,GRN
648762,0.615400,GRN
652010,0.508344,GRN
654576,0.853407,GRN
656621,0.778315,GRN
657703,0.382082,GRN
661442,0.765870,GRN
662715,0.714000,GRN
663103,0.638494,GRN
663735,0.032822,GRN
665479,0.208522,GRN
665603,0.522587,GRN
666394,1.101935,GRN
666872,0.606951,GRN
672158,0.875294,GRN
673312,0.016989,GRN
674119,0.966400,GRN
675269,0.885431,GRN
676097,0.173444,GRN
676685,0.883396,GRN
676717,1.000000,GRN
677305,0.525000,GRN
677692,0.734780,GRN
678533,0.835905,GRN
678793,0.458306,GRN
679413,0.521381,GRN
680726,0.637026,GRN
681237,0.489954,GRN
681303,0.188868,GRN
683219,0.621091,GRN
684158,0.576976,GRN
684508,0.593142,GRN
687071,1.000000,GRN
687898,1.000000,GRN
688136,0.776525,GRN
688457,0.778315,GRN
689518,0.268632,GRN
689768,0.674769,GRN
690687,1.000000,GRN
690971,0.390981,GRN
692655,0.638494,GRN
694697,0.696000,GRN
695445,0.648863,GRN
695834,0.471000,GRN
698041,0.078011,GRN
698738,0.832067,GRN
698983,0.137771,GRN
699088,1.000000,GRN
701418,0.781905,GRN
703122,0.899818,GRN
706615,0.885431,GRN
707749,0.748440,GRN
709134,0.780115,GRN
709137,0.794610,GRN
709713,0.540951,GRN
709816,0.395509,GRN
711091,0.616000,GRN
711692,0.287843,GRN
711809,0.307720,GRN
713253,0.355758,GRN
714401,0.202841,GRN
714907,0.493352,GRN
717817,0.811254,GRN
719096,0.826335,GRN
719155,0.431677,GRN
719811,0.867273,GRN
720578,0.136823,GRN
720608,0.298645,GRN
722533,0.696875,GRN
724890,0.583654,GRN
725161,0.692080,GRN
725672,0.701000,GRN
725685,0.437678,GRN
726941,0.778315,GRN
726986,0.833984,GRN
729557,0.749000,GRN
729570,0.767635,GRN
733581,0.764110,GRN
733937,0.719705,GRN
734723,0.573001,GRN
734769,0.432671,GRN
734950,0.396420,GRN
735335,0.897750,GRN
736288,0.687313,GRN
737008,0.616818,GRN
737473,0.335859,GRN
738308,0.706570,GRN
748454,0.513045,GRN
750623,0.421848,GRN
751736,0.484348,GRN
752983,0.475504,GRN
753049,0.441730,GRN
754369,1.413051,GRN
754797,0.311284,GRN
754804,0.725000,GRN
755017,0.168329,GRN
757535,0.760601,GRN
759628,0.641439,GRN
761839,0.378578,GRN
763569,0.244994,GRN
763929,0.431673,GRN
764269,0.415103,GRN
765037,1.000000,GRN
767177,0.731400,GRN
770406,0.628285,GRN
772453,0.712000,GRN
775204,0.753625,GRN
776222,0.322222,GRN
776400,0.418946,GRN
777034,0.309854,GRN
778213,0.841697,GRN
778366,0.653364,GRN
779091,0.401008,GRN
779324,1.000000,GRN
780589,0.719705,GRN
782146,1.000000,GRN
782363,1.000360,GRN
782462,0.537225,GRN
782508,0.706570,GRN
783183,0.294547,GRN
785300,0.545000,GRN
786952,0.349265,GRN
788577,0.440714,GRN
793328,0.682584,GRN
793517,0.537225,GRN
794848,1.000000,GRN
795729,0.865280,GRN
797081,1.016614,GRN
804744,0.743284,GRN
805709,0.604169,GRN
806263,1.091829,GRN
807633,0.559956,GRN
810108,0.772960,GRN
811548,0.448907,GRN
812877,1.145930,GRN
813703,0.607000,GRN
821027,0.719712,GRN
821742,0.594509,GRN
822926,1.000000,GRN
824313,0.877318,GRN
825866,0.719705,GRN
826133,0.376836,GRN
830656,0.659412,GRN
831683,0.475508,GRN
833026,0.685739,GRN
834538,0.711471,GRN
834892,0.226546,GRN
834991,0.521381,GRN
837822,0.881365,GRN
839943,0.679443,GRN
841354,0.065638,GRN
842595,0.654000,GRN
842703,0.482120,GRN
843629,0.510689,GRN
844144,0.731406,GRN
844601,0.091444,GRN
844866,0.830147,GRN
845164,0.394596,GRN
847794,0.899818,GRN
848845,0.483231,GRN
851874,0.883404,GRN
852753,1.216621,GRN
854904,0.146945,GRN
854964,0.970858,GRN
855880,0.453000,GRN
856252,0.651867,GRN
856446,0.297273,GRN
856626,0.743284,GRN
858038,0.736467,GRN
859825,0.953139,GRN
860452,0.883396,GRN
860628,0.623957,GRN
862628,0.233968,GRN
869011,0.535000,GRN
871257,0.764000,GRN
872872,0.639965,GRN
878244,0.629732,GRN
879281,0.395509,GRN
882407,1.000000,GRN
883444,0.506010,GRN
884726,0.580973,GRN
884940,0.891573,GRN
885687,0.778315,GRN
887045,0.736473,GRN
889205,0.448903,GRN
890325,0.650369,GRN
895446,0.182876,GRN
897743,1.064518,GRN
901487,1.000000,GRN
904153,0.631183,GRN
904947,0.444794,GRN
905927,0.425749,GRN
906612,0.624000,GRN
907047,1.000000,GRN
908022,0.696875,GRN
912946,0.562000,GRN
915989,0.671670,GRN
916518,0.798276,GRN
916982,0.341316,GRN
919030,0.502524,GRN
919414,0.490000,GRN
922433,0.796448,GRN
928017,0.231824,GRN
928078,0.425753,GRN
928556,1.000000,GRN
930093,0.758852,GRN
930432,0.461481,GRN
930796,0.674769,GRN
933997,0.432671,GRN
934339,0.897758,GRN
935543,0.635556,GRN
936644,0.857344,GRN
937557,0.546000,GRN
939014,0.571684,GRN
939172,1.104474,GRN
942263,0.619664,GRN
942395,0.674000,GRN
944019,0.338965,GRN
946085,0.626841,GRN
946476,0.553549,GRN
947453,0.724698,GRN
947471,0.769403,GRN
949132,0.845580,GRN
949151,0.514232,GRN
949321,0.447000,GRN
952044,0.711000,GRN
953926,0.833977,GRN
956585,0.942235,GRN
956759,0.467906,GRN
957291,0.763000,GRN
957935,1.000000,GRN
958542,0.716400,GRN
958682,0.494489,GRN
959179,0.476600,GRN
961208,0.767635,GRN
962054,0.563840,GRN
966973,0.695273,GRN
968549,0.518000,GRN
970232,0.704946,GRN
970584,0.774740,GRN
971246,0.414149,GRN
972387,0.263729,GRN
974555,0.933593,GRN
975133,0.138407,GRN
976485,0.762353,GRN
978444,0.715000,GRN
979733,1.000000,GRN
981552,0.632638,GRN
982004,0.653364,GRN
982990,0.830147,GRN
984181,1.387262,GRN
985892,0.522000,GRN
986016,0.500216,GRN
986701,0.813123,GRN
987573,1.014278,GRN
987849,0.805665,GRN
988550,0.790968,GRN
989640,0.841704,GRN
989672,0.448903,GRN
991721,0.796448,GRN
992008,0.651862,GRN
992147,1.000000,GRN
992340,0.805665,GRN
993201,0.734780,GRN
993805,0.973095,GRN
995126,0.709830,GRN
995219,0.719000,GRN
996570,1.000000,GRN
997300,1.000000,GRN
999621,0.401936,GRN
1001309,0.507175,GRN
1002054,0.574000,GRN
1004988,0.824435,GRN
1013607,0.591774,GRN
1013783,0.623962,GRN
1014035,0.626835,GRN
1017482,0.760601,GRN
1021276,0.544694,GRN
1023312,1.112136,GRN
1024095,1.000000,GRN
1025621,1.000000,GRN
1027745,0.537225,GRN
1030922,0.865272,GRN
1036595,0.682584,GRN
1037540,0.875294,GRN
1041483,0.885431,GRN
1044729,0.637020,GRN
1044900,1.000000,GRN
1055541,0.667049,GRN
1057210,0.575645,GRN
1060508,0.748440,GRN
1061421,0.487000,GRN
1069258,0.570370,GRN
1075967,1.000000,GRN
1083894,0.627000,GRN
1094060,0.561246,GRN
1107395,0.581000,GRN
197038,0.920782,RED
204337,0.671000,RED
215821,0.019276,RED
216308,0.311094,RED
221280,0.031126,RED
221793,0.036829,RED
221933,0.090268,RED
223756,0.028500,RED
223968,0.051100,RED
224665,0.021630,RED
226472,0.066900,RED
228653,0.060513,RED
230426,0.134030,RED
234745,0.037536,RED
238114,0.014541,RED
239310,0.016282,RED
239627,0.043215,RED
240778,0.025300,RED
243027,0.138681,RED
245362,0.128437,RED
251243,0.114129,RED
251852,0.033317,RED
253510,0.056873,RED
255123,0.813000,RED
256906,0.013094,RED
257247,0.021999,RED
257886,0.029684,RED
258594,0.068955,RED
259215,0.030240,RED
261822,0.147970,RED
266916,0.074255,RED
272293,0.073378,RED
272738,0.019560,RED
273260,0.057431,RED
274051,0.024638,RED
275098,0.017113,RED
275452,0.019471,RED
275629,0.003174,RED
278898,0.066333,RED
279689,0.042863,RED
280625,0.042997,RED
281548,0.170141,RED
283629,0.205730,RED
284435,0.059230,RED
285385,0.034499,RED
285984,0.048556,RED
287155,0.048715,RED
287834,0.057772,RED
288793,0.050534,RED
303302,0.012092,RED
303625,0.092319,RED
304818,0.429380,RED
304928,0.023679,RED
307055,0.040586,RED
308287,0.080112,RED
309365,0.133352,RED
311246,0.028426,RED
314341,0.055462,RED
314722,0.031604,RED
314810,0.141354,RED
317748,0.537841,RED
317991,0.200862,RED
318426,0.056501,RED
321176,0.020872,RED
325140,0.063278,RED
325177,0.050999,RED
328457,0.071159,RED
330332,0.125907,RED
333394,0.662000,RED
335753,0.121158,RED
337738,0.013913,RED
338083,0.056530,RED
338765,0.058524,RED
340238,0.045256,RED
343447,0.058004,RED
345290,0.060951,RED
346443,0.014260,RED
347369,0.078733,RED
347873,0.040953,RED
348191,0.100214,RED
348999,0.115884,RED
351641,0.015373,RED
351929,0.178134,RED
352012,0.035654,RED
352229,0.046755,RED
352947,0.024624,RED
354213,0.036307,RED
354871,0.196479,RED
356643,0.434697,RED
356973,0.023392,RED
359584,0.275402,RED
360003,0.022872,RED
361365,0.079646,RED
361844,0.064683,RED
362846,0.032050,RED
363407,0.142520,RED
366352,0.014303,RED
367234,0.016080,RED
370490,1.000000,RED
371377,0.008040,RED
372919,0.140363,RED
374655,0.077702,RED
375204,0.040702,RED
378815,0.563000,RED
379110,0.685739,RED
380494,0.127896,RED
381942,0.131692,RED
383334,0.041525,RED
389479,0.044005,RED
391780,0.006969,RED
392551,0.063416,RED
395780,0.080832,RED
396322,0.247374,RED
398483,0.042774,RED
398986,0.041101,RED
399890,0.122298,RED
401271,0.147300,RED
402222,0.003053,RED
402379,0.030900,RED
403459,0.037302,RED
404550,0.056900,RED
406283,0.170117,RED
406312,0.469957,RED
408892,0.064007,RED
410459,0.033805,RED
410490,1.000000,RED
411095,0.128039,RED
411456,0.039785,RED
413145,0.043623,RED
415894,0.033471,RED
417645,0.002690,RED
418665,0.116663,RED
420753,0.037880,RED
421977,0.070981,RED
423114,0.178716,RED
423620,0.258896,RED
424758,0.005024,RED
425969,0.098668,RED
426235,0.028421,RED
430033,0.185141,RED
432776,0.000513,RED
434118,0.364737,RED
436688,1.000000,RED
436694,0.043179,RED
439937,0.039440,RED
441206,0.037813,RED
441615,0.084164,RED
441945,0.053651,RED
444473,0.036802,RED
445389,0.010472,RED
446438,0.083918,RED
450233,0.047218,RED
450661,0.037977,RED
453243,0.012482,RED
453918,0.055620,RED
455355,0.031434,RED
457348,0.057008,RED
459149,0.066589,RED
464014,0.059087,RED
466118,0.142747,RED
466186,0.006928,RED
467878,0.043944,RED
469153,0.016492,RED
475206,0.068758,RED
478338,0.256654,RED
482650,0.103933,RED
483000,0.020152,RED
484342,0.123639,RED
485106,0.035169,RED
485550,0.089838,RED
487846,0.024888,RED
489390,0.002677,RED
489601,0.002714,RED
491658,0.048924,RED
492525,0.735000,RED
500105,0.079211,RED
500354,0.026227,RED
502020,0.062033,RED
503996,0.013871,RED
509017,0.289187,RED
509367,0.041147,RED
512397,0.045123,RED
515190,0.320604,RED
520863,0.015316,RED
520908,0.141688,RED
521987,0.011962,RED
524890,0.091051,RED
526158,0.089111,RED
530898,0.023702,RED
534284,0.009677,RED
534652,0.162976,RED
536268,0.131456,RED
536362,0.011582,RED
539350,0.107129,RED
541777,0.042009,RED
541867,0.078857,RED
541957,0.135120,RED
542444,0.009110,RED
542937,0.078221,RED
543209,0.030890,RED
543250,0.129050,RED
543297,2.667811,RED
544316,0.048263,RED
546422,0.064303,RED
547199,0.028420,RED
548204,0.158724,RED
556195,0.190636,RED
558207,0.047464,RED
560406,0.019744,RED
560439,0.265708,RED
566537,0.047204,RED
569840,0.007564,RED
573530,0.021872,RED
577243,0.083022,RED
580386,0.025620,RED
582580,0.021747,RED
587450,0.024938,RED
589074,0.088169,RED
589289,0.056557,RED
592619,0.034511,RED
592950,0.031638,RED
594084,0.042235,RED
596663,0.015484,RED
598007,0.007016,RED
600601,0.020397,RED
603779,0.044657,RED
608176,0.101199,RED
611907,0.201231,RED
614402,1.000000,RED
617270,0.062537,RED
617702,0.016721,RED
618028,0.147153,RED
618600,0.171915,RED
624608,0.072341,RED
625792,0.015517,RED
627449,0.045928,RED
627823,1.000000,RED
631511,0.029243,RED
634499,0.027328,RED
637404,0.025218,RED
639429,0.006279,RED
640026,0.022258,RED
642407,0.012689,RED
643101,0.023086,RED
645978,0.030870,RED
646384,0.006154,RED
646790,0.084259,RED
656427,0.034325,RED
664407,0.035289,RED
666570,0.070408,RED
668515,0.041881,RED
669251,0.035450,RED
670310,0.028078,RED
670392,0.039266,RED
672635,0.173574,RED
673600,0.004500,RED
677506,0.037619,RED
679317,0.036264,RED
679793,0.024688,RED
686231,0.002932,RED
690669,0.012334,RED
691473,0.002721,RED
692737,0.010064,RED
692950,0.050522,RED
693220,0.042540,RED
698831,0.022234,RED
700458,0.043265,RED
705542,0.035081,RED
706011,0.011392,RED
709504,0.059454,RED
720095,0.032853,RED
721789,0.012798,RED
726507,0.086682,RED
732463,0.076226,RED
734276,0.031432,RED
746850,0.026278,RED
747295,0.010900,RED
747850,0.127165,RED
748479,0.052580,RED
750927,0.023068,RED
754996,0.030115,RED
755554,0.040306,RED
761586,0.008106,RED
765901,0.067067,RED
766678,0.016661,RED
768071,0.126852,RED
773923,0.020069,RED
775958,0.015196,RED
776479,0.057842,RED
779075,0.010149,RED
780916,0.149778,RED
784193,0.054477,RED
785831,0.070240,RED
785995,0.041849,RED
793374,0.042175,RED
795129,0.039210,RED
797542,0.196538,RED
799025,0.147103,RED
803529,0.022519,RED
803627,0.026222,RED
804344,0.054130,RED
804380,0.117911,RED
806151,0.124313,RED
809278,0.557000,RED
810210,0.426228,RED
810667,0.071910,RED
813637,0.268558,RED
820694,0.055419,RED
820975,0.013069,RED
821415,0.148622,RED
826524,0.030845,RED
827594,0.016085,RED
831151,0.201641,RED
831543,0.111127,RED
831841,0.044166,RED
832262,0.036749,RED
837646,0.046524,RED
840107,0.130994,RED
841248,0.032080,RED
841273,0.081528,RED
842140,0.057753,RED
842498,0.061997,RED
842737,0.058128,RED
844527,0.018848,RED
845256,0.337433,RED
845473,0.039449,RED
847062,0.701709,RED
848905,0.042820,RED
852184,0.103134,RED
852430,0.017359,RED
852812,0.396112,RED
856938,0.054119,RED
857299,0.050484,RED
858160,0.016391,RED
863368,0.015628,RED
865363,0.130374,RED
867476,0.008975,RED
867695,0.016044,RED
879229,0.153406,RED
879816,0.146034,RED
880811,0.532000,RED
882859,0.054247,RED
887727,0.060716,RED
888580,0.047503,RED
892772,0.051966,RED
897425,0.228877,RED
897459,0.022558,RED
903144,0.034934,RED
905046,0.080200,RED
905280,0.055235,RED
906724,0.019252,RED
909582,0.076647,RED
913622,0.007659,RED
913642,0.108279,RED
915296,0.051666,RED
915575,0.072706,RED
915786,0.033963,RED
915891,0.027711,RED
915907,0.012037,RED
922605,0.175334,RED
922752,0.045826,RED
922845,0.126974,RED
923134,0.018095,RED
924433,0.057855,RED
925835,0.097345,RED
926246,0.026583,RED
926334,0.021878,RED
928212,0.029437,RED
929598,0.003756,RED
930709,0.029901,RED
931754,0.165215,RED
932000,0.126629,RED
932061,0.045585,RED
933351,0.005028,RED
934325,0.019826,RED
937060,0.047820,RED
937529,0.037048,RED
940208,0.032537,RED
940652,0.050701,RED
941159,0.682999,RED
942882,0.029742,RED
947828,0.150615,RED
951838,0.039233,RED
953566,0.025479,RED
958752,0.191178,RED
959121,0.127361,RED
960163,0.056349,RED
960955,0.066318,RED
961361,0.042849,RED
962023,0.027111,RED
962990,0.018309,RED
965936,0.009469,RED
966326,0.118154,RED
966600,0.015295,RED
967157,0.002352,RED
967345,0.033992,RED
969164,0.193475,RED
970723,0.034300,RED
971058,0.028059,RED
976376,0.011173,RED
977204,0.093964,RED
977394,0.032440,RED
979382,0.038533,RED
982199,0.034891,RED
987184,0.168364,RED
991379,0.032599,RED
1043926,0.689000,RED
