ID,Group,z,Lx
197038,RED,0.518,42.88484201699301
201680,RED,0.818,nan
204337,RED,0.623,42.8252779046081
215821,RED,1.287,nan
216308,RED,3.3632,nan
221280,RED,2.2348,nan
221793,RED,1.9672,nan
221933,RED,3.4885,nan
223756,RED,2.0787,nan
223968,RED,1.3709,nan
224665,RED,2.3011,nan
226472,RED,2.3249,nan
228653,RED,3.4372,nan
230426,RED,2.5113,nan
234745,RED,1.0769,nan
238114,RED,1.4219,nan
239310,RED,1.154,nan
239627,RED,1.7982,nan
240778,RED,2.1029,nan
243027,RED,2.0661,nan
245362,RED,2.4983,nan
251243,RED,0.7507,nan
251852,RED,2.0037,nan
253510,RED,2.2262,nan
255123,RED,0.775,42.942910082793766
256906,RED,1.3434,nan
257247,RED,1.8101,nan
257886,RED,1.891,nan
258594,RED,2.5895,nan
259215,RED,1.8742,nan
261822,RED,2.6109,nan
266916,RED,2.8553,nan
272293,RED,3.0311,nan
272738,RED,2.1673,nan
273260,RED,2.2324,nan
274051,RED,0.8987,nan
275098,RED,1.5843,nan
275452,RED,1.9147,nan
275629,RED,0.7152,nan
278202,RED,0.339,nan
278898,RED,2.7799,nan
279689,RED,1.676,nan
280625,RED,2.531,nan
281548,RED,3.6521,nan
283629,RED,1.0724,nan
284435,RED,3.2311,nan
285385,RED,1.1325,nan
285984,RED,1.7195,nan
287155,RED,2.3376,nan
287834,RED,3.8179,nan
288793,RED,1.3949,nan
303302,RED,0.0152,nan
303625,RED,1.8635,nan
304818,RED,2.344,nan
304928,RED,1.44,nan
307055,RED,2.5912,nan
308287,RED,0.2843,nan
309365,RED,4.1266,nan
311246,RED,1.4535,nan
314341,RED,2.2387,nan
314722,RED,1.9242,nan
314810,RED,3.4992,nan
317748,RED,1.4485,nan
317991,RED,2.6778,nan
318426,RED,2.6902,nan
321176,RED,2.3255,nan
325140,RED,3.3145,nan
325177,RED,2.3426,nan
328457,RED,0.5545,nan
330332,RED,2.1312,nan
333394,RED,0.672,42.606140148675216
335753,RED,3.2182,nan
337738,RED,1.7792,nan
338083,RED,2.8974,nan
338765,RED,2.4116,nan
340238,RED,3.7672,nan
343447,RED,1.6812,nan
345290,RED,2.6222,nan
346443,RED,3.6109,nan
347369,RED,2.9687,nan
347873,RED,2.6066,nan
348191,RED,3.4344,nan
348999,RED,2.5976,nan
351641,RED,0.4201,nan
351929,RED,3.3562,nan
352012,RED,1.4855,nan
352229,RED,1.5087,nan
352947,RED,1.6324,nan
354213,RED,1.6347,nan
354871,RED,3.1138,nan
356643,RED,1.1317,nan
356973,RED,1.8353,nan
357444,RED,1.339,nan
359584,RED,2.627,nan
360003,RED,1.6555,nan
361365,RED,2.0865,nan
361844,RED,2.7174,nan
362846,RED,2.4227,nan
363407,RED,1.7094,nan
366352,RED,1.1517,nan
367234,RED,1.7191,nan
370490,RED,0.934,42.90599822998047
371377,RED,1.3701,nan
372919,RED,3.4913,nan
374655,RED,3.9903,nan
375204,RED,1.2343,nan
378815,RED,0.66,42.90749253316995
379110,RED,0.394,42.38484201699301
380494,RED,2.8422,nan
381942,RED,2.2061,nan
383334,RED,2.0933,nan
389479,RED,1.8841,nan
391780,RED,0.3372,nan
392551,RED,4.2422,nan
395780,RED,2.5862,nan
396322,RED,2.8342,nan
398483,RED,3.1838,nan
398986,RED,1.9794,nan
399890,RED,1.7847,nan
401271,RED,0.5745,nan
402222,RED,0.753,nan
402379,RED,2.1346,nan
403459,RED,1.9062,nan
404550,RED,3.6732,nan
406283,RED,0.7702,nan
406312,RED,2.6345,nan
408892,RED,3.2302,nan
410459,RED,2.2219,nan
410490,RED,0.969,42.99800109863281
411095,RED,2.8543,nan
411456,RED,1.2175,nan
413145,RED,2.6918,nan
415894,RED,2.2957,nan
417645,RED,0.66,nan
418665,RED,1.3219,nan
420753,RED,2.7238,nan
421977,RED,2.6721,nan
423114,RED,1.8704,nan
423620,RED,3.1207,nan
424758,RED,0.3728,nan
425969,RED,3.2926,nan
426235,RED,2.3268,nan
430033,RED,4.5875,nan
432776,RED,0.3755,nan
434118,RED,3.0938,nan
436688,RED,0.565,42.4640007019043
436694,RED,2.2218,nan
439937,RED,2.257,nan
441206,RED,2.6884,nan
441615,RED,3.1887,nan
441945,RED,1.3138,nan
444473,RED,2.1263,nan
445389,RED,1.0683,nan
446438,RED,2.929,nan
450233,RED,1.6996,nan
450661,RED,2.3419,nan
453243,RED,0.358,nan
453918,RED,2.7511,nan
455355,RED,2.0794,nan
457348,RED,2.1596,nan
459149,RED,3.1057,nan
464014,RED,2.9093,nan
466118,RED,2.3939,nan
466186,RED,0.4798,nan
467878,RED,2.6052,nan
469153,RED,1.3338,nan
475206,RED,0.43,nan
478338,RED,3.1467,nan
482650,RED,0.6974,nan
483000,RED,1.8265,nan
484342,RED,0.066,42.79484567910239
485106,RED,2.3641,nan
485550,RED,1.5765,nan
487846,RED,1.4253,nan
489390,RED,0.842,nan
489601,RED,0.7753,nan
491658,RED,1.2441,nan
492525,RED,0.37,42.08971393420153
500105,RED,2.7647,nan
500354,RED,1.9351,nan
502020,RED,2.6281,nan
503996,RED,0.9708,nan
509017,RED,2.7956,nan
509367,RED,3.1663,nan
512397,RED,2.1661,nan
515190,RED,3.9816,nan
520863,RED,1.2046,nan
520908,RED,3.5905,nan
521987,RED,1.6971,nan
524890,RED,3.0142,nan
526158,RED,4.1102,nan
530898,RED,2.8831,nan
534284,RED,0.85,nan
534652,RED,2.4457,nan
536268,RED,1.4764,nan
536362,RED,1.2563,nan
539350,RED,1.0114,nan
541777,RED,1.7268,nan
541867,RED,2.602,nan
541957,RED,2.7038,nan
542444,RED,1.2514,nan
542937,RED,2.0593,nan
543209,RED,0.2886,nan
543250,RED,0.9762,nan
543297,RED,0.353,41.89484415322348
544316,RED,2.2036,nan
546422,RED,0.9441,nan
547199,RED,1.4253,nan
548204,RED,2.5232,nan
556195,RED,2.4783,nan
558207,RED,1.7721,nan
560406,RED,2.1312,nan
560439,RED,3.5008,nan
560724,RED,1.142,nan
566537,RED,2.6207,nan
569840,RED,1.0255,nan
573530,RED,1.7847,nan
577243,RED,2.6266,nan
580386,RED,1.4706,nan
582580,RED,2.5246,nan
587450,RED,2.5449,nan
589074,RED,3.3559,nan
589289,RED,0.1582,nan
592619,RED,1.8086,nan
592950,RED,2.467,nan
594084,RED,1.4707,nan
596663,RED,1.4523,nan
598007,RED,1.0142,nan
600601,RED,2.1755,nan
603779,RED,1.873,nan
608176,RED,3.4285,nan
611907,RED,1.6469,nan
614402,RED,2.066,-inf
617270,RED,0.263,nan
617702,RED,1.6187,nan
618028,RED,3.5435,nan
618600,RED,1.7208,nan
624608,RED,2.565,nan
625792,RED,1.3987,nan
627449,RED,2.5529,nan
627823,RED,0.886,42.81999969482422
631511,RED,1.5169,nan
634499,RED,1.9929,nan
637404,RED,1.6787,nan
639429,RED,1.0135,nan
640026,RED,1.9021,nan
642407,RED,0.844,nan
643101,RED,0.27,nan
645978,RED,0.26,nan
646384,RED,0.426,nan
646790,RED,1.497,nan
656427,RED,2.097,nan
664407,RED,1.2122,nan
666570,RED,1.6548,nan
668515,RED,1.835,nan
669251,RED,1.094,nan
670310,RED,1.9866,nan
670392,RED,1.8065,nan
672635,RED,2.528,nan
673600,RED,0.9281,nan
677506,RED,1.7469,nan
679317,RED,2.543,nan
679793,RED,1.4212,nan
681106,RED,0.246,nan
683931,RED,1.467,nan
686231,RED,0.3903,nan
690669,RED,1.834,nan
691473,RED,0.3851,nan
692737,RED,0.59,nan
692950,RED,2.8525,nan
693220,RED,1.8097,nan
698831,RED,1.8074,nan
700004,RED,1.15,nan
700458,RED,1.5927,nan
705542,RED,2.1681,nan
706011,RED,1.1895,nan
709504,RED,0.3786,nan
720095,RED,2.3197,nan
721789,RED,1.331,nan
726507,RED,1.8236,nan
732463,RED,2.7116,nan
732491,RED,1.565,nan
734276,RED,2.5673,nan
746850,RED,1.7381,nan
747295,RED,0.6639,nan
747850,RED,3.3893,nan
748479,RED,1.2446,nan
750927,RED,1.3017,nan
754996,RED,2.5094,nan
755554,RED,1.8619,nan
761586,RED,0.4257,nan
765901,RED,0.7301,nan
766678,RED,1.4501,nan
768071,RED,2.7729,nan
773923,RED,1.6272,nan
775958,RED,1.4535,nan
776479,RED,1.4079,nan
779075,RED,1.5394,nan
780916,RED,1.6965,nan
784193,RED,2.8311,nan
785831,RED,2.7494,nan
785995,RED,2.6822,nan
793374,RED,1.995,nan
795129,RED,0.3701,nan
797542,RED,4.2427,nan
799025,RED,3.9959,nan
803529,RED,1.4528,nan
803627,RED,0.3116,nan
804344,RED,1.317,nan
804380,RED,1.519,nan
806151,RED,1.8693,nan
809278,RED,0.736,42.85014549071285
810210,RED,2.9358,nan
810667,RED,2.5724,nan
813637,RED,1.9393,nan
820694,RED,2.3874,nan
820975,RED,1.1208,nan
821415,RED,2.6557,nan
826524,RED,2.307,nan
827594,RED,1.209,nan
831151,RED,4.153,nan
831543,RED,3.1519,nan
831841,RED,1.773,nan
832262,RED,2.0107,nan
836198,RED,0.833,nan
837646,RED,1.3934,nan
840107,RED,0.5221,nan
841248,RED,0.7562,nan
841273,RED,2.9538,nan
842140,RED,3.0446,nan
842498,RED,1.426,nan
842737,RED,2.7759,nan
844527,RED,1.2433,nan
845256,RED,1.1416,nan
845473,RED,2.1067,nan
847062,RED,0.419,42.98484430581137
848905,RED,2.3551,nan
852184,RED,1.2739,nan
852430,RED,1.9105,nan
852812,RED,3.1724,nan
856938,RED,3.2686,nan
857299,RED,2.086,nan
858160,RED,2.9571,nan
863368,RED,1.2567,nan
865363,RED,1.871,nan
867476,RED,0.8431,nan
867695,RED,1.7719,nan
879229,RED,1.5641,nan
879816,RED,1.6425,nan
880811,RED,0.71,42.55308769203634
882859,RED,2.7623,nan
887727,RED,0.0238,nan
888580,RED,4.3732,nan
892772,RED,0.5093,nan
897425,RED,1.7781,nan
897459,RED,1.8155,nan
903144,RED,1.9315,nan
905046,RED,3.0417,nan
905280,RED,1.7878,nan
906724,RED,1.755,nan
909582,RED,2.8485,nan
913622,RED,1.7477,nan
913642,RED,1.2647,nan
915296,RED,3.1716,nan
915575,RED,2.6399,nan
915786,RED,1.7952,nan
915891,RED,2.0579,nan
915907,RED,1.4163,nan
922605,RED,0.4495,nan
922752,RED,2.3685,nan
922845,RED,2.9634,nan
923134,RED,0.7051,nan
924433,RED,2.2927,nan
925835,RED,2.9313,nan
926246,RED,1.4874,nan
926334,RED,1.6954,nan
928212,RED,1.6813,nan
929598,RED,0.47,nan
930709,RED,2.4021,nan
931754,RED,0.7178,nan
932000,RED,2.5996,nan
932061,RED,3.667,nan
933351,RED,0.933,nan
934325,RED,1.7926,nan
937060,RED,2.0789,nan
937529,RED,3.2073,nan
940208,RED,2.4417,nan
940652,RED,1.2605,nan
941159,RED,2.9114,nan
942882,RED,1.7397,nan
947828,RED,3.2316,nan
951838,RED,3.0082,nan
953566,RED,2.5451,nan
958752,RED,3.2765,nan
959121,RED,3.2148,nan
960163,RED,1.4476,nan
960955,RED,3.1461,nan
961361,RED,2.3653,nan
962023,RED,2.4893,nan
962990,RED,1.4369,nan
965936,RED,1.2612,nan
966326,RED,1.7868,nan
966600,RED,2.1748,nan
967157,RED,0.2269,nan
967345,RED,2.0183,nan
969164,RED,1.9497,nan
970723,RED,2.0282,nan
971058,RED,1.4467,nan
976376,RED,2.3529,nan
977204,RED,2.683,nan
977394,RED,1.9349,nan
979382,RED,0.4952,nan
982199,RED,1.1409,nan
986430,RED,0.9415,nan
987184,RED,3.1081,nan
991379,RED,1.802,nan
1006168,RED,1.103,nan
1009161,RED,1.277,nan
1036028,RED,1.501,nan
1037829,RED,1.129,nan
1043803,RED,1.097,nan
1043926,RED,0.934,42.84278052733937
100728,GRN,2.649,44.29383234542871
110707,GRN,1.5,43.56818151931876
123228,GRN,1.029,44.274845221338715
143648,GRN,1.766,44.01100158691406
145252,GRN,1.47,44.51484308510825
149081,GRN,1.242,43.42300033569336
150058,GRN,1.106,44.29484567910239
150214,GRN,0.851,44.30484400063559
155074,GRN,1.663,44.75484476357504
161349,GRN,0.977,44.07484445839926
164133,GRN,1.031,45.03484354287192
166981,GRN,2.455,45.154842474756684
167507,GRN,2.735,43.81654183154001
167601,GRN,0.285,43.524845221338715
169542,GRN,0.481,43.594844916162934
172592,GRN,1.24,43.558998107910156
172708,GRN,2.43,44.26346410421373
174129,GRN,0.504,43.184845068750825
177697,GRN,1.813,44.01932293449521
178236,GRN,2.203,44.614845373926606
179631,GRN,1.171,44.26484308510825
189307,GRN,2.278,44.183998107910156
191981,GRN,1.747,44.2048455265145
192185,GRN,2.275,44.844844916162934
192643,GRN,0.599,43.41484461098715
193212,GRN,1.361,44.424842932520356
200240,GRN,1.822,45.00484476357504
201389,GRN,1.239,43.36267720319041
201555,GRN,3.343,43.99113191565948
202984,GRN,1.757,44.9748421695809
205954,GRN,1.166,43.75594349186305
206533,GRN,1.982,44.40053193392494
208739,GRN,0.772,43.39890128867363
210704,GRN,1.668,43.980044620484335
212499,GRN,2.841,44.683124325802574
213360,GRN,2.255,44.55484400063559
215142,GRN,1.285,44.69484339028403
216708,GRN,1.13,43.27299880981445
217425,GRN,2.408,44.864845373926606
220551,GRN,1.941,44.50484476357504
223951,GRN,1.592,45.2248421695809
228670,GRN,2.389,44.85484323769614
229549,GRN,1.273,43.83480050901942
229938,GRN,1.617,44.26484308510825
231837,GRN,2.497,45.37484369545981
233605,GRN,0.748,43.7248421695809
233916,GRN,6.062,44.54399871826172
235265,GRN,0.521,43.63484201699301
238668,GRN,2.463,43.7006373113497
240362,GRN,0.893,44.084842779932465
241554,GRN,1.902,43.87300109863281
242550,GRN,0.694,43.64216341331453
244448,GRN,1.518,43.79484567910239
249669,GRN,1.317,44.53484354287192
253494,GRN,1.562,44.2048455265145
254070,GRN,1.233,44.274845221338715
254973,GRN,1.79,44.4548455265145
255148,GRN,2.101,44.924842932520356
255653,GRN,2.026,45.04484567910239
261602,GRN,0.878,43.614845373926606
262286,GRN,1.11,45.41484461098715
262516,GRN,0.865,44.01484308510825
263032,GRN,2.055,44.9548455265145
264041,GRN,1.662,43.549548119324115
264232,GRN,2.218,44.14484415322348
264418,GRN,2.276,44.81484232216879
264588,GRN,1.0,43.15700149536133
266013,GRN,1.71,44.62484369545981
266042,GRN,2.147,44.834842779932465
271177,GRN,2.107,43.369998931884766
274335,GRN,1.711,44.15376885321288
277467,GRN,2.581,44.21622728831055
278421,GRN,1.73,43.91452596758264
279879,GRN,2.577,44.32600021362305
279993,GRN,1.969,43.95504910688841
280322,GRN,1.752,43.758221106848126
280712,GRN,0.369,43.30484400063559
280768,GRN,1.659,43.88759545488484
280813,GRN,2.22,44.25484476357504
284147,GRN,1.772,44.244842627344575
284733,GRN,3.419,44.57536437535745
285283,GRN,2.498,44.53484354287192
285627,GRN,1.571,44.37484369545981
287239,GRN,1.35,44.584842779932465
289874,GRN,2.828,44.48484430581137
289891,GRN,1.625,44.57484445839926
293576,GRN,0.58,44.10484323769614
295934,GRN,2.766,44.434845068750825
295961,GRN,1.427,44.28484354287192
303691,GRN,3.176,44.98484430581137
305868,GRN,1.676,44.114845373926606
306476,GRN,1.9,44.75484476357504
307901,GRN,1.122,43.364013321421176
309585,GRN,2.612,45.404842474756684
310180,GRN,1.966,45.29484567910239
310591,GRN,0.885,44.2148438480477
311451,GRN,1.161,43.9648438480477
312003,GRN,1.44,44.7048455265145
314431,GRN,2.204,44.4548455265145
314830,GRN,1.593,44.614845373926606
316110,GRN,1.762,44.4648438480477
317570,GRN,0.785,44.4648438480477
317720,GRN,0.35,43.14484415322348
327470,GRN,1.115,44.32484445839926
328627,GRN,1.246,44.844844916162934
329628,GRN,2.298,43.71250830902282
330333,GRN,1.039,43.047000885009766
331013,GRN,1.165,44.32484445839926
333072,GRN,1.867,44.37484369545981
333082,GRN,2.113,44.85484323769614
333229,GRN,2.212,44.57484445839926
334369,GRN,2.028,44.81484232216879
336989,GRN,1.679,44.64484415322348
339381,GRN,0.957,43.864845373926606
339687,GRN,2.309,44.364845373926606
342325,GRN,1.441,43.82484445839926
342369,GRN,2.402,44.73484430581137
344843,GRN,1.214,44.274845221338715
345932,GRN,2.279,44.13484201699301
348345,GRN,0.735,43.31484232216879
350733,GRN,2.231,44.364845373926606
352454,GRN,1.507,45.39484415322348
353402,GRN,2.177,43.26599884033203
353591,GRN,2.085,44.4548455265145
358432,GRN,0.816,43.684845068750825
361705,GRN,1.351,44.424842932520356
364116,GRN,2.936,43.7859992980957
367739,GRN,1.824,43.82484445839926
368267,GRN,0.973,43.864845373926606
368360,GRN,1.661,44.37484369545981
371168,GRN,2.251,44.66484461098715
373275,GRN,2.853,44.4548455265145
374747,GRN,3.26,43.90505391502261
379302,GRN,2.483,43.52399826049805
379813,GRN,2.935,44.51484308510825
381137,GRN,2.021,44.614845373926606
381564,GRN,1.804,45.094844916162934
381621,GRN,1.376,43.517332591560276
383898,GRN,3.33,44.934845068750825
386177,GRN,1.147,44.04484567910239
386536,GRN,0.831,43.63484201699301
386731,GRN,3.571,45.085298335002655
388484,GRN,0.755,43.2148438480477
388646,GRN,1.342,44.57484445839926
390895,GRN,1.641,43.88494510929469
391416,GRN,2.531,44.424842932520356
391905,GRN,1.124,44.4648438480477
393765,GRN,1.673,44.41484461098715
393849,GRN,1.574,44.404842474756684
393866,GRN,1.784,44.9648438480477
397321,GRN,1.636,44.55484400063559
397900,GRN,0.444,43.82484445839926
398904,GRN,1.26,44.184845068750825
399685,GRN,2.162,44.005390345640016
400930,GRN,1.56,44.87484369545981
401148,GRN,0.971,44.16484461098715
402319,GRN,3.306,43.823001861572266
403419,GRN,0.971,43.524845221338715
404028,GRN,2.507,44.82484445839926
407347,GRN,2.234,44.184845068750825
408043,GRN,2.279,44.81484232216879
408440,GRN,1.666,44.51484308510825
408968,GRN,0.771,43.57484445839926
411160,GRN,1.493,44.524845221338715
412346,GRN,1.141,45.00484476357504
413642,GRN,1.009,43.674842932520356
414248,GRN,0.714,43.424842932520356
415440,GRN,1.361,43.81484232216879
417652,GRN,2.421,43.86000061035156
419216,GRN,2.22,44.684845068750825
419317,GRN,0.528,43.28484354287192
419634,GRN,3.567,45.25484476357504
420086,GRN,2.406,44.2248421695809
420622,GRN,1.764,44.594844916162934
422734,GRN,2.177,44.63484201699301
423522,GRN,2.377,43.625999450683594
424136,GRN,0.969,44.07484445839926
427683,GRN,2.15,43.79308717432167
428262,GRN,2.335,44.60484323769614
428823,GRN,2.403,43.853480473500056
429443,GRN,2.179,44.89484415322348
432314,GRN,1.187,44.35484323769614
433236,GRN,1.916,43.316001892089844
433662,GRN,1.363,43.2400016784668
434653,GRN,1.862,44.07484445839926
435741,GRN,2.452,43.542999267578125
437094,GRN,1.57,43.904842474756684
437924,GRN,1.55,43.34299850463867
438137,GRN,1.173,44.274845221338715
438627,GRN,1.067,44.684845068750825
440292,GRN,2.446,43.87699890136719
442236,GRN,1.537,44.23484430581137
443935,GRN,2.79,44.672579247911905
445486,GRN,2.911,44.434845068750825
446680,GRN,2.146,43.612998962402344
447171,GRN,1.784,44.41484461098715
447224,GRN,2.071,44.35484323769614
447837,GRN,2.439,44.57071292712145
448160,GRN,0.865,44.07484445839926
448282,GRN,2.347,44.62484369545981
448517,GRN,1.541,44.54484567910239
448782,GRN,2.497,45.07484445839926
448996,GRN,1.592,44.184845068750825
449276,GRN,1.679,44.7148438480477
449364,GRN,2.503,44.66484461098715
451179,GRN,2.825,43.87799835205078
452169,GRN,1.334,44.37484369545981
452901,GRN,1.786,43.83375521898591
454474,GRN,1.597,44.4748421695809
454916,GRN,1.697,43.9648438480477
455313,GRN,2.444,43.92471301867418
455603,GRN,2.231,44.94484339028403
456808,GRN,1.0,44.37484369545981
457171,GRN,1.332,43.66484461098715
459682,GRN,1.991,43.87334885640501
460965,GRN,1.518,44.26484308510825
461606,GRN,1.241,45.06484232216879
462238,GRN,2.218,43.67353807786699
462290,GRN,1.784,44.774845221338715
464309,GRN,1.806,44.38484201699301
465316,GRN,1.923,44.62484369545981
468408,GRN,1.268,44.16484461098715
468485,GRN,1.481,44.364845373926606
468771,GRN,1.776,44.07484445839926
469339,GRN,0.967,44.54484567910239
471626,GRN,2.283,44.57484445839926
471767,GRN,2.671,44.87484369545981
473114,GRN,2.498,45.05484400063559
477125,GRN,1.947,44.12484369545981
481172,GRN,1.753,45.094844916162934
481664,GRN,1.95,44.38484201699301
485277,GRN,1.48,44.87484369545981
485406,GRN,1.85,44.91484461098715
486220,GRN,3.499,44.64484415322348
490038,GRN,1.178,44.48484430581137
490692,GRN,1.429,44.75484476357504
491819,GRN,2.198,44.4748421695809
492534,GRN,0.55,43.31484232216879
494577,GRN,0.669,44.174842932520356
495324,GRN,1.356,44.55484400063559
496985,GRN,1.808,44.844844916162934
496988,GRN,1.247,43.14252660845178
497397,GRN,0.84,43.78484354287192
498351,GRN,1.471,43.4461239941932
498569,GRN,2.016,44.44484339028403
499247,GRN,1.195,43.94484339028403
500252,GRN,2.206,44.73484430581137
500438,GRN,1.01,43.4748421695809
502241,GRN,0.904,43.834842779932465
502297,GRN,1.883,44.4748421695809
502321,GRN,2.018,44.87484369545981
502554,GRN,2.325,44.19484339028403
503415,GRN,1.725,44.154842474756684
505102,GRN,1.091,43.4748421695809
505480,GRN,1.984,44.57484445839926
506033,GRN,0.619,43.10484323769614
506854,GRN,0.552,43.434845068750825
507179,GRN,2.65,43.832000732421875
508514,GRN,2.668,44.48484430581137
510152,GRN,1.226,44.2148438480477
510223,GRN,1.379,44.80484400063559
510871,GRN,3.01,44.4648438480477
512384,GRN,3.148,44.42942612200148
512778,GRN,1.452,43.47767064308584
512840,GRN,2.029,44.79484567910239
513984,GRN,3.32,44.7148438480477
514705,GRN,2.802,44.934845068750825
516101,GRN,2.902,44.88484201699301
516147,GRN,2.404,44.9548455265145
516177,GRN,1.234,44.31484232216879
516922,GRN,1.236,44.98484430581137
517617,GRN,2.047,43.77920324167902
519447,GRN,1.129,43.75484476357504
521908,GRN,1.921,44.62484369545981
526106,GRN,2.269,44.51484308510825
528135,GRN,1.923,43.85384815552954
529336,GRN,2.323,45.04484567910239
529584,GRN,2.182,43.66372464212436
529855,GRN,0.36,43.4548455265145
530363,GRN,1.053,43.91484461098715
530790,GRN,2.288,45.03484354287192
532786,GRN,2.214,44.136531994960094
533666,GRN,0.899,43.924842932520356
534026,GRN,1.914,44.674842932520356
534119,GRN,1.213,43.9748421695809
534850,GRN,1.845,43.9748421695809
536630,GRN,2.572,44.10599899291992
536673,GRN,1.727,43.4838497699567
537774,GRN,2.164,44.56484232216879
538906,GRN,2.194,44.69484339028403
539583,GRN,0.985,44.00484476357504
543535,GRN,0.961,44.28484354287192
544769,GRN,2.392,43.702999114990234
547352,GRN,1.297,44.364845373926606
549557,GRN,2.159,44.64484415322348
549676,GRN,0.838,43.44484339028403
551947,GRN,1.478,44.524845221338715
553928,GRN,1.826,44.57484445839926
556169,GRN,1.298,44.07484445839926
556928,GRN,1.53,43.834842779932465
558647,GRN,3.328,44.834842779932465
559688,GRN,2.844,43.88399887084961
565978,GRN,1.527,44.69484339028403
567121,GRN,1.817,44.4748421695809
567452,GRN,1.156,45.28484354287192
568506,GRN,1.927,44.184845068750825
569318,GRN,2.415,44.91484461098715
569893,GRN,1.214,44.38484201699301
570129,GRN,3.086,44.924842932520356
570880,GRN,1.565,43.357843266708336
571753,GRN,1.249,43.30400085449219
571990,GRN,2.592,45.04484567910239
572384,GRN,1.47,44.80484400063559
572704,GRN,0.879,43.89484415322348
575696,GRN,1.18,44.864845373926606
576870,GRN,0.979,44.364845373926606
577692,GRN,1.976,43.774713474087385
577999,GRN,0.66,43.73484430581137
579415,GRN,2.592,44.00248137855585
580231,GRN,2.435,44.25484476357504
580861,GRN,0.838,43.56484232216879
580884,GRN,1.657,43.82484445839926
581105,GRN,2.091,44.274845221338715
582749,GRN,3.225,44.3489990234375
585366,GRN,0.827,43.7248421695809
585642,GRN,2.887,45.16484461098715
586341,GRN,1.26,44.07484445839926
586685,GRN,1.515,44.38484201699301
587486,GRN,1.55,43.66886685948573
592667,GRN,1.204,44.39484415322348
592797,GRN,3.497,44.80484400063559
593404,GRN,0.686,43.57484445839926
594434,GRN,0.948,43.904842474756684
595487,GRN,1.841,44.774845221338715
599948,GRN,1.258,44.31484232216879
600384,GRN,3.233,44.27233116316622
605445,GRN,3.09,44.55484400063559
606414,GRN,2.022,44.29484567910239
608549,GRN,2.149,43.69300079345703
609017,GRN,1.024,45.25484476357504
613328,GRN,2.146,44.434845068750825
613543,GRN,2.611,45.154842474756684
616159,GRN,1.64,43.647523403495775
616983,GRN,0.936,43.9748421695809
617775,GRN,1.406,44.56484232216879
619550,GRN,1.729,44.39484415322348
620323,GRN,1.72,43.81206370843263
623618,GRN,1.271,44.024845221338715
624239,GRN,2.483,44.44484339028403
624284,GRN,2.536,43.595001220703125
624526,GRN,0.882,44.13484201699301
625004,GRN,2.485,44.674842932520356
629776,GRN,1.43,44.4548455265145
630435,GRN,2.174,43.9548455265145
630484,GRN,1.433,44.7048455265145
630503,GRN,0.697,43.41475944371837
631272,GRN,2.454,44.904842474756684
631339,GRN,2.45,44.69484339028403
632339,GRN,2.673,43.89699935913086
633300,GRN,2.213,45.174842932520356
635245,GRN,2.946,44.23271365719285
635784,GRN,2.2,45.10484323769614
635862,GRN,0.55,43.864845373926606
636324,GRN,2.71,44.313096258725416
640145,GRN,2.944,44.76484308510825
640360,GRN,1.638,44.244842627344575
640443,GRN,1.064,44.7248421695809
641847,GRN,1.433,43.76484308510825
643223,GRN,2.104,44.202348799641356
643313,GRN,1.54,43.6349983215332
643480,GRN,0.85,44.23484430581137
643581,GRN,1.368,43.56599995396088
644795,GRN,1.841,44.28484354287192
648114,GRN,2.522,44.492000579833984
648173,GRN,1.843,43.590999603271484
648762,GRN,2.937,45.38484201699301
652010,GRN,2.076,44.39484415322348
654576,GRN,1.099,44.31484232216879
656621,GRN,3.345,44.89484415322348
657703,GRN,2.748,44.41484461098715
661442,GRN,1.796,44.89484415322348
662715,GRN,1.633,44.15230231514374
663103,GRN,1.598,45.19484339028403
663735,GRN,3.178,45.584842779932465
665479,GRN,2.15,44.79484567910239
665603,GRN,1.082,43.674842932520356
666394,GRN,0.518,44.184845068750825
666872,GRN,0.838,44.094844916162934
672158,GRN,1.113,43.344844916162934
673312,GRN,0.751,44.63484201699301
674119,GRN,0.346,44.32484445839926
675269,GRN,1.295,44.78484354287192
676097,GRN,0.894,44.26484308510825
676685,GRN,1.264,44.274845221338715
676717,GRN,1.948,43.49300003051758
677305,GRN,2.152,43.91584230323075
677692,GRN,0.731,43.7248421695809
678533,GRN,1.454,45.03484354287192
678793,GRN,2.45,44.54484567910239
679413,GRN,2.459,44.274845221338715
680726,GRN,2.179,44.69484339028403
681237,GRN,1.202,44.10484323769614
681303,GRN,2.255,44.494842627344575
683219,GRN,1.137,43.834842779932465
684158,GRN,1.09,44.084842779932465
684508,GRN,2.42,44.154842474756684
687071,GRN,1.588,43.38600158691406
687898,GRN,2.155,43.729000091552734
688136,GRN,1.708,44.834842779932465
688457,GRN,2.044,44.85484323769614
689518,GRN,0.792,43.32484445839926
689768,GRN,1.964,44.844844916162934
690687,GRN,2.049,44.09400177001953
690971,GRN,3.015,44.44484339028403
692655,GRN,0.731,43.62484369545981
694697,GRN,5.496,44.86138933855994
695445,GRN,1.376,44.614845373926606
695834,GRN,2.663,44.143980448615004
698041,GRN,2.646,44.89484415322348
698738,GRN,1.185,44.81484232216879
698983,GRN,1.097,44.344844916162934
699088,GRN,3.375,44.5989990234375
701418,GRN,2.501,44.934845068750825
703122,GRN,1.936,44.55484400063559
706615,GRN,0.909,44.12484369545981
707749,GRN,0.93,43.844844916162934
709134,GRN,0.667,43.06484232216879
709137,GRN,2.42,44.274845221338715
709713,GRN,2.735,44.62484369545981
709816,GRN,3.367,45.23484430581137
711091,GRN,3.717,44.409420602444705
711692,GRN,0.931,44.4748421695809
711809,GRN,2.508,44.4648438480477
713253,GRN,1.52,44.55484400063559
714401,GRN,1.288,43.98484430581137
714907,GRN,1.581,43.9748421695809
717817,GRN,1.131,44.41484461098715
719096,GRN,1.846,44.30484400063559
719155,GRN,1.845,45.174842932520356
719811,GRN,1.189,44.084842779932465
720578,GRN,1.847,44.88484201699301
720608,GRN,3.095,44.7048455265145
722533,GRN,1.854,44.844844916162934
724890,GRN,2.89,44.32484445839926
725161,GRN,0.355,43.614845373926606
725672,GRN,1.752,43.745281600666544
725685,GRN,2.836,44.73484430581137
726941,GRN,0.741,44.25484476357504
726986,GRN,1.802,44.89484415322348
729557,GRN,1.951,43.33851942605612
729570,GRN,0.376,43.934845068750825
733581,GRN,0.986,44.26484308510825
733937,GRN,1.161,44.32484445839926
734723,GRN,1.369,44.334842779932465
734769,GRN,1.844,43.9748421695809
734950,GRN,1.835,44.654842474756684
735335,GRN,0.668,43.87484369545981
736288,GRN,2.372,44.48484430581137
737008,GRN,3.034,44.404842474756684
737473,GRN,0.618,43.834842779932465
738308,GRN,2.02,44.614845373926606
748454,GRN,2.097,44.25484476357504
750623,GRN,2.031,44.57484445839926
751736,GRN,3.715,44.62484369545981
752983,GRN,3.029,45.024845221338715
753049,GRN,0.993,44.06484232216879
754369,GRN,1.168,43.62484369545981
754797,GRN,1.488,44.084842779932465
754804,GRN,1.78,43.810663413473264
755017,GRN,0.702,43.584842779932465
757535,GRN,2.03,45.404842474756684
759628,GRN,2.308,44.44484339028403
761839,GRN,1.991,44.51484308510825
763569,GRN,2.045,44.53484354287192
763929,GRN,2.005,44.594844916162934
764269,GRN,1.4,44.16484461098715
765037,GRN,2.915,43.880001068115234
767177,GRN,1.042,44.524845221338715
770406,GRN,1.786,44.2148438480477
772453,GRN,3.326,44.19051926637908
775204,GRN,3.075,44.7048455265145
776222,GRN,1.533,44.184845068750825
776400,GRN,1.173,44.2148438480477
777034,GRN,0.688,44.2248421695809
778213,GRN,0.367,43.094844916162934
778366,GRN,1.258,44.30484400063559
779091,GRN,1.582,44.114845373926606
779324,GRN,1.911,43.57699966430664
780589,GRN,3.333,44.844844916162934
782146,GRN,2.089,43.542999267578125
782363,GRN,0.345,43.89484415322348
782462,GRN,2.041,44.424842932520356
782508,GRN,2.003,44.78484354287192
783183,GRN,1.493,44.05484400063559
785300,GRN,1.719,43.74860409477571
786952,GRN,1.315,44.32484445839926
788577,GRN,2.914,44.44484339028403
793328,GRN,3.1,45.06484232216879
793517,GRN,1.224,43.76484308510825
794848,GRN,2.199,43.64899826049805
795729,GRN,1.5,44.2248421695809
797081,GRN,1.16,44.57484445839926
804744,GRN,1.494,43.7148438480477
805709,GRN,2.034,44.94484339028403
806263,GRN,2.779,45.094844916162934
807633,GRN,1.319,44.29484567910239
810108,GRN,1.935,44.48484430581137
811548,GRN,3.246,44.63484201699301
812877,GRN,1.319,44.744842627344575
813703,GRN,1.908,43.825812473369034
821027,GRN,1.596,44.51484308510825
821742,GRN,2.653,44.994842627344575
822926,GRN,1.736,43.33000183105469
824313,GRN,0.95,44.25484476357504
825866,GRN,1.001,44.05484400063559
826133,GRN,1.318,44.2048455265145
830656,GRN,1.541,44.13484201699301
831683,GRN,1.238,44.13484201699301
833026,GRN,1.836,44.584842779932465
834538,GRN,1.143,43.76484308510825
834892,GRN,0.704,43.4548455265145
834991,GRN,1.475,44.03484354287192
837822,GRN,0.376,43.75484476357504
839943,GRN,0.893,43.79484567910239
841354,GRN,0.972,44.334842779932465
842595,GRN,2.42,43.67942119400988
842703,GRN,1.555,44.094844916162934
843629,GRN,1.32,44.31484232216879
844144,GRN,1.545,44.7248421695809
844601,GRN,1.778,44.80484400063559
844866,GRN,1.402,44.7048455265145
845164,GRN,1.677,44.7048455265145
847794,GRN,2.417,44.19484339028403
848845,GRN,2.657,45.024845221338715
851874,GRN,1.006,43.994842627344575
852753,GRN,0.698,44.2148438480477
854904,GRN,1.73,44.39484415322348
854964,GRN,0.657,44.26484308510825
855880,GRN,1.268,43.598902857416604
856252,GRN,1.589,44.2248421695809
856446,GRN,1.449,43.94484339028403
856626,GRN,2.536,44.614845373926606
858038,GRN,2.41,44.274845221338715
859825,GRN,0.735,44.684845068750825
860452,GRN,0.958,44.35484323769614
860628,GRN,1.339,44.684845068750825
862628,GRN,2.701,44.66484461098715
869011,GRN,1.317,43.42064445718742
871257,GRN,0.845,43.50490713051873
872872,GRN,2.076,44.64484415322348
878244,GRN,2.122,44.904842474756684
879281,GRN,1.422,44.614845373926606
882407,GRN,1.852,43.564998626708984
883444,GRN,1.491,44.174842932520356
884726,GRN,2.207,44.37484369545981
884940,GRN,0.518,43.23484430581137
885687,GRN,1.142,44.364845373926606
887045,GRN,1.603,44.53484354287192
889205,GRN,2.05,44.9548455265145
890325,GRN,1.223,43.88484201699301
895446,GRN,3.845,44.69484339028403
897743,GRN,0.854,44.274845221338715
901487,GRN,2.51,43.875999450683594
904153,GRN,3.143,45.26484308510825
904947,GRN,2.38,44.7248421695809
905927,GRN,0.669,44.41484461098715
906612,GRN,2.687,44.17981387547814
907047,GRN,2.225,43.483001708984375
908022,GRN,2.754,45.00484476357504
912946,GRN,1.323,43.30326510629523
915989,GRN,2.169,44.64484415322348
916518,GRN,1.881,44.614845373926606
916982,GRN,2.099,44.7248421695809
919030,GRN,2.63,44.7248421695809
919414,GRN,1.887,43.67080397255408
922433,GRN,0.794,43.9648438480477
928017,GRN,1.98,44.404842474756684
928078,GRN,2.444,44.69484339028403
928556,GRN,2.235,43.69900131225586
930093,GRN,2.121,44.89484415322348
930432,GRN,1.206,43.684845068750825
930796,GRN,2.03,44.434845068750825
933997,GRN,2.668,45.174842932520356
934339,GRN,1.308,45.31484232216879
935543,GRN,1.994,44.48484430581137
936644,GRN,3.302,44.7048455265145
937557,GRN,3.084,44.15080784254226
939014,GRN,1.197,44.114845373926606
939172,GRN,0.69,43.85484323769614
942263,GRN,3.171,44.524845221338715
942395,GRN,2.7,44.65434179647196
944019,GRN,1.98,44.12484369545981
946085,GRN,2.162,44.674842932520356
946476,GRN,3.535,44.85484323769614
947453,GRN,1.889,44.60484323769614
947471,GRN,2.222,45.16484461098715
949132,GRN,0.821,44.344844916162934
949151,GRN,1.89,44.834842779932465
949321,GRN,1.855,43.97069086244777
952044,GRN,2.225,44.45413013969269
953926,GRN,1.454,44.524845221338715
956585,GRN,0.5,43.494842627344575
956759,GRN,1.527,44.03484354287192
957291,GRN,2.034,43.92647356344138
957935,GRN,2.861,43.89500045776367
958542,GRN,1.205,43.73484430581137
958682,GRN,1.228,44.07484445839926
959179,GRN,2.75,44.844844916162934
961208,GRN,2.129,44.4648438480477
962054,GRN,0.505,43.364845373926606
966973,GRN,3.038,45.03484354287192
968549,GRN,2.091,43.70867057035116
970232,GRN,1.434,45.06484232216879
970584,GRN,1.402,45.16484461098715
971246,GRN,2.549,44.494842627344575
972387,GRN,0.212,43.28484354287192
974555,GRN,2.377,44.98484430581137
975133,GRN,0.854,43.904842474756684
976485,GRN,2.55,45.024845221338715
978444,GRN,1.575,43.78069229566195
979733,GRN,2.407,43.54399871826172
981552,GRN,1.957,44.23484430581137
982004,GRN,2.414,44.48484430581137
982990,GRN,1.065,44.684845068750825
984181,GRN,1.041,44.494842627344575
985892,GRN,1.419,43.88632957625216
986016,GRN,1.655,44.30484400063559
986701,GRN,1.839,44.39484415322348
987573,GRN,1.11,44.494842627344575
987849,GRN,1.459,44.55484400063559
988550,GRN,1.608,44.674842932520356
989640,GRN,1.362,44.154842474756684
989672,GRN,2.834,45.024845221338715
991721,GRN,1.857,44.19484339028403
992008,GRN,1.979,44.434845068750825
992147,GRN,0.729,43.26499938964844
992340,GRN,1.613,44.57484445839926
993201,GRN,1.58,44.38484201699301
993805,GRN,0.765,44.16484461098715
995126,GRN,2.249,44.82484445839926
995219,GRN,1.267,43.39127221919476
996570,GRN,1.99,43.5890007019043
997300,GRN,2.276,43.926998138427734
999621,GRN,2.648,45.4748421695809
1001309,GRN,1.856,44.78484354287192
1002054,GRN,2.307,44.02608795429258
1004988,GRN,0.728,43.334842779932465
1013607,GRN,1.47,44.434845068750825
1013783,GRN,1.832,45.084842779932465
1014035,GRN,1.987,44.344844916162934
1017482,GRN,1.451,44.4648438480477
1021276,GRN,1.616,44.54484567910239
1023312,GRN,0.766,44.494842627344575
1024095,GRN,2.095,43.8120002746582
1025621,GRN,3.548,44.138999938964844
1027745,GRN,1.579,44.23484430581137
1030922,GRN,1.406,44.7048455265145
1036595,GRN,2.079,44.66484461098715
1037540,GRN,0.878,44.04484567910239
1041483,GRN,0.881,44.024845221338715
1044729,GRN,2.114,45.524845221338715
1044900,GRN,2.53,43.862998962402344
1055541,GRN,1.641,44.424842932520356
1057210,GRN,1.011,43.844844916162934
1060508,GRN,1.561,44.98484430581137
1061421,GRN,2.743,44.35947193400069
1069258,GRN,1.143,43.9648438480477
1075967,GRN,1.519,43.75199890136719
1083894,GRN,1.633,43.73073235493428
1094060,GRN,2.429,44.79484567910239
1107395,GRN,0.717,43.604823370909706
66097,BLU,1.147,43.955222327981744
87390,BLU,1.266,43.66899871826172
99915,BLU,1.599,43.801043479197666
121266,BLU,1.276,43.75224500838429
128954,BLU,1.16,45.03484354287192
134731,BLU,1.731,43.571998596191406
136373,BLU,0.967,44.07484445839926
138914,BLU,0.926,43.202999114990234
147807,BLU,1.513,43.486677752506814
149224,BLU,0.967,43.268923376912355
149480,BLU,1.634,43.729000091552734
150604,BLU,0.634,43.184297358440155
154213,BLU,1.433,44.2048455265145
156308,BLU,1.842,43.5720510124327
158738,BLU,1.042,43.3650016784668
158815,BLU,1.365,44.53484354287192
158988,BLU,1.424,43.69468117262724
163682,BLU,3.567,43.82400131225586
165901,BLU,1.253,43.196998596191406
166147,BLU,3.098,44.684845068750825
166308,BLU,1.231,44.4748421695809
167512,BLU,0.985,43.18609765539519
169706,BLU,1.274,44.03484354287192
171577,BLU,2.284,43.931949661923355
171771,BLU,0.364,44.434845068750825
171901,BLU,3.244,45.13484201699301
172922,BLU,1.449,44.23484430581137
172935,BLU,0.886,44.35484323769614
173021,BLU,1.164,43.89484415322348
173053,BLU,0.893,43.1958114052538
173384,BLU,1.981,43.77799987792969
176906,BLU,1.44,43.387001037597656
179996,BLU,1.919,43.887001037597656
180462,BLU,1.5,43.81700134277344
181381,BLU,1.595,43.84252705554671
183655,BLU,1.584,43.53194023196963
185819,BLU,1.662,44.424842932520356
185917,BLU,1.089,44.60484323769614
189381,BLU,2.035,43.914544334637874
191523,BLU,1.335,43.904304381765854
192327,BLU,1.066,43.22033987386454
192835,BLU,1.339,44.494842627344575
192989,BLU,1.07,43.279517157447245
193191,BLU,1.638,43.60375567674958
193500,BLU,0.828,43.67229065411164
195004,BLU,1.247,44.01484308510825
195293,BLU,1.667,43.90664162459719
196126,BLU,0.518,43.54999923706055
197979,BLU,1.947,44.32051786965964
198348,BLU,1.449,43.75602577494996
198996,BLU,4.182,44.364182953644935
199713,BLU,1.051,44.434845068750825
201497,BLU,0.972,44.174842932520356
202465,BLU,0.839,43.91484461098715
203041,BLU,1.709,44.1349983215332
205032,BLU,0.222,43.05484400063559
205469,BLU,1.427,43.28452251153238
208611,BLU,0.775,43.60484323769614
208681,BLU,2.968,44.46901341328162
210362,BLU,2.655,43.63020186260752
211437,BLU,0.681,44.404842474756684
212588,BLU,0.516,43.2048455265145
212772,BLU,2.214,44.44484339028403
212953,BLU,2.605,44.03276596805057
213663,BLU,1.26,43.63826684528664
214195,BLU,2.295,43.709999084472656
215158,BLU,1.531,43.89126519733742
215651,BLU,1.428,43.56800079345703
215847,BLU,0.684,44.594844916162934
215929,BLU,0.104,43.44484339028403
215943,BLU,1.502,44.04876549627929
216350,BLU,1.293,43.424842932520356
216637,BLU,1.313,43.61909601458479
217180,BLU,0.65,43.241428045115455
217489,BLU,1.793,44.424842932520356
218320,BLU,1.873,43.69522400644854
218980,BLU,1.338,44.03484354287192
220345,BLU,2.078,44.38484201699301
220730,BLU,2.046,44.4648438480477
222363,BLU,0.372,43.344844916162934
222544,BLU,1.15,44.434845068750825
222723,BLU,0.995,44.114845373926606
223778,BLU,1.248,44.7048455265145
223969,BLU,1.426,44.024845221338715
226060,BLU,1.741,43.21099853515625
226088,BLU,0.901,43.174842932520356
226937,BLU,1.422,43.17602999566398
227007,BLU,2.293,43.95512959037628
227400,BLU,0.622,43.44484339028403
229382,BLU,1.408,43.369998931884766
231455,BLU,0.815,43.684845068750825
231458,BLU,2.006,44.32484445839926
231958,BLU,1.488,43.4066791421723
232171,BLU,0.518,44.154842474756684
232704,BLU,2.772,44.58035352593382
233214,BLU,3.482,44.34400177001953
233595,BLU,1.527,43.47700119018555
233700,BLU,1.758,43.71978284566574
233712,BLU,1.475,43.62227472921104
234048,BLU,1.485,44.60484323769614
235734,BLU,0.965,43.33390569619256
237347,BLU,1.425,43.34341708472622
239908,BLU,1.04,43.60484323769614
240895,BLU,0.736,43.434845068750825
241219,BLU,2.006,43.69900131225586
241508,BLU,0.946,44.114845373926606
242114,BLU,0.283,43.084842779932465
243074,BLU,0.69,43.22136356804664
243225,BLU,2.146,43.79583423425277
243592,BLU,1.437,44.024845221338715
244279,BLU,0.48,43.06484232216879
246467,BLU,2.162,43.982709449956694
246950,BLU,1.274,43.60599899291992
247767,BLU,1.864,43.5876609822105
247877,BLU,0.975,43.08746541646959
248022,BLU,0.684,43.39484415322348
249368,BLU,0.748,43.23484430581137
249379,BLU,1.405,43.66999816894531
250424,BLU,3.0,44.101294443559084
251456,BLU,1.013,43.02689450303355
252977,BLU,0.91,44.12484369545981
253192,BLU,2.158,44.06484232216879
253630,BLU,1.585,43.634362747318555
253745,BLU,0.692,43.37454686066445
254534,BLU,1.222,43.934845068750825
255882,BLU,3.078,44.02399826049805
257310,BLU,1.116,43.82484445839926
258190,BLU,1.217,44.14484415322348
258988,BLU,1.235,43.45758618270794
259117,BLU,1.595,43.75390767983514
259664,BLU,2.731,44.059094641293775
259874,BLU,1.971,44.31484232216879
260549,BLU,1.129,43.88375425917034
260972,BLU,1.45,43.8711447213608
261732,BLU,1.323,43.38275555560192
262208,BLU,2.58,43.97848248970546
262718,BLU,3.124,44.15582436628202
262797,BLU,0.549,43.30484400063559
263569,BLU,0.776,43.494842627344575
263599,BLU,1.519,43.44599914550781
265085,BLU,2.976,44.077269228472105
265115,BLU,1.496,44.01484308510825
265264,BLU,1.405,44.37484369545981
265435,BLU,0.976,43.39248013985195
267821,BLU,0.679,43.03484354287192
268145,BLU,0.96,43.52003668577381
268620,BLU,1.391,44.32484445839926
268863,BLU,0.914,43.2048455265145
271000,BLU,1.689,44.37484369545981
272081,BLU,1.25,43.569000244140625
272441,BLU,1.372,43.395999908447266
272572,BLU,1.689,44.14484415322348
272741,BLU,1.069,43.31484232216879
272943,BLU,1.993,43.73839205462439
273224,BLU,1.878,43.690271932615715
274153,BLU,2.722,44.09919981792979
276554,BLU,1.265,43.310331655667134
277917,BLU,2.074,44.33166427810894
278250,BLU,1.278,44.084842779932465
279384,BLU,1.647,43.5935422587861
279761,BLU,1.524,44.14484415322348
280487,BLU,0.73,43.62484369545981
280576,BLU,0.955,43.41484461098715
280685,BLU,1.331,43.09700012207031
281128,BLU,1.423,44.19092347749678
281176,BLU,2.193,43.83300018310547
282350,BLU,0.745,43.774845221338715
282498,BLU,1.682,44.154842474756684
282529,BLU,0.87,43.744842627344575
282585,BLU,1.264,43.78484354287192
283498,BLU,1.75,43.52267931882981
283742,BLU,0.623,43.39484415322348
283976,BLU,1.423,43.50715654658412
284209,BLU,0.621,43.26484308510825
284560,BLU,1.558,43.77399826049805
284936,BLU,1.273,43.78484354287192
285322,BLU,1.281,43.26549042745706
285638,BLU,1.915,43.706518757853665
285728,BLU,1.444,44.154842474756684
285751,BLU,1.24,43.62484369545981
286866,BLU,0.998,44.04484567910239
286870,BLU,0.528,43.13484201699301
287624,BLU,2.866,44.010821378496786
288867,BLU,3.297,43.95100021362305
288900,BLU,1.764,44.22465771433157
288925,BLU,1.303,43.994842627344575
288986,BLU,1.415,43.63508842445822
290561,BLU,1.34,43.306978754678
290940,BLU,0.947,43.129046408885166
291109,BLU,1.464,43.53596442403821
291291,BLU,1.268,43.12300109863281
291295,BLU,1.437,43.50661584430059
291505,BLU,0.596,43.174842932520356
291777,BLU,1.697,43.67625776030693
291911,BLU,1.755,43.87900161743164
292658,BLU,3.126,43.95399856567383
293988,BLU,2.625,43.8489990234375
294223,BLU,1.777,43.60599899291992
294233,BLU,1.535,43.50199890136719
297271,BLU,2.086,45.2048455265145
297388,BLU,0.869,43.118919884120416
297892,BLU,2.044,43.78613024342753
298256,BLU,0.864,43.13066391106613
298487,BLU,1.749,43.848035126590915
299361,BLU,3.187,43.83599853515625
300070,BLU,1.998,43.36800003051758
301078,BLU,0.763,43.26484308510825
301614,BLU,0.935,43.364845373926606
301744,BLU,3.439,44.05278302877121
301995,BLU,1.308,43.80484400063559
302660,BLU,1.149,43.81484232216879
303796,BLU,1.327,44.674842932520356
304319,BLU,1.256,43.339579064806436
304439,BLU,0.677,43.524845221338715
305043,BLU,1.848,43.7248421695809
305831,BLU,1.097,43.87484369545981
305859,BLU,2.387,44.013073680651
306945,BLU,1.271,43.66484461098715
308547,BLU,0.831,43.009214514311765
308866,BLU,1.664,43.17599868774414
309395,BLU,1.912,43.69259576006062
310302,BLU,0.965,43.85484323769614
310572,BLU,3.949,44.614845373926606
310636,BLU,2.48,44.994842627344575
311121,BLU,2.93,43.88999938964844
311176,BLU,3.31,44.424842932520356
311305,BLU,1.573,44.07484445839926
311789,BLU,1.461,43.14500045776367
311831,BLU,1.175,44.16484461098715
311910,BLU,1.635,44.084842779932465
312655,BLU,1.51,43.435213202055905
312742,BLU,1.869,44.03484354287192
313813,BLU,1.474,43.9648438480477
314243,BLU,2.682,44.9748421695809
316436,BLU,1.42,44.024845221338715
316931,BLU,0.623,44.2148438480477
318129,BLU,1.619,43.66925779082451
319169,BLU,0.415,43.16484461098715
319398,BLU,2.309,43.94051535223549
319543,BLU,2.302,44.2248421695809
319595,BLU,1.988,43.57114030126311
320331,BLU,0.833,43.994842627344575
320435,BLU,1.419,43.17399978637695
321383,BLU,2.198,44.041642565960515
321469,BLU,2.921,43.77937103534116
322871,BLU,0.427,43.01484308510825
323189,BLU,1.939,44.4648438480477
323420,BLU,1.769,43.44900131225586
323559,BLU,2.298,44.524845221338715
323983,BLU,0.53,43.04255601421875
324525,BLU,2.177,44.04484567910239
325165,BLU,0.668,43.864845373926606
325593,BLU,1.12,43.594844916162934
326082,BLU,1.535,44.05484400063559
326894,BLU,1.754,44.684845068750825
327459,BLU,0.707,43.594844916162934
328702,BLU,1.551,44.00484476357504
328867,BLU,2.86,44.347126464404084
328963,BLU,1.681,44.12484369545981
329946,BLU,1.43,43.266998291015625
332003,BLU,1.22,43.91484461098715
332248,BLU,0.702,43.66484461098715
332304,BLU,1.109,43.2760009765625
333310,BLU,2.952,44.04151854104636
333771,BLU,1.115,43.85484323769614
333779,BLU,1.203,43.868919884120416
336058,BLU,1.627,43.34776882972022
336111,BLU,1.249,43.7148438480477
336272,BLU,1.115,43.070426255555454
336469,BLU,0.939,43.138828519757915
336686,BLU,0.889,43.524845221338715
336913,BLU,1.971,43.666925216998735
337029,BLU,1.75,44.04484567910239
337827,BLU,0.83,43.35484323769614
338071,BLU,0.907,44.69484339028403
338977,BLU,1.037,43.23490675196546
339051,BLU,1.429,43.9748421695809
339463,BLU,1.053,43.03436329338844
339913,BLU,1.036,44.28484354287192
341626,BLU,0.907,43.674842932520356
342090,BLU,0.914,44.2148438480477
342161,BLU,1.455,43.6419371178877
342318,BLU,1.913,44.114845373926606
342418,BLU,1.657,43.30400085449219
342489,BLU,1.0,43.029573405276516
342587,BLU,0.53,43.05484400063559
343403,BLU,1.338,44.30484400063559
344505,BLU,0.82,43.834842779932465
344632,BLU,0.901,43.98484430581137
346035,BLU,0.749,43.584842779932465
346257,BLU,1.94,43.29600143432617
347011,BLU,1.948,44.66484461098715
347116,BLU,1.1,43.55484400063559
347170,BLU,2.386,44.274845221338715
347583,BLU,2.063,44.154842474756684
348646,BLU,0.738,43.434845068750825
349201,BLU,1.272,43.51484308510825
350788,BLU,1.022,43.80484400063559
351374,BLU,2.693,44.16899871826172
353169,BLU,0.518,43.219539586425086
354636,BLU,1.286,43.9548455265145
355207,BLU,1.127,43.924842932520356
355258,BLU,2.676,44.25484476357504
355442,BLU,0.893,44.35484323769614
355652,BLU,0.958,44.05484400063559
355689,BLU,0.951,43.186421163492305
357380,BLU,1.98,43.84290169272353
357507,BLU,1.848,44.19484339028403
357753,BLU,1.44,44.524845221338715
357858,BLU,1.094,43.94484339028403
358659,BLU,2.241,43.34400177001953
358710,BLU,1.094,43.478094317573714
359499,BLU,1.416,44.19484339028403
359852,BLU,0.928,43.153327867267784
361363,BLU,0.674,44.19484339028403
362263,BLU,2.008,43.90625730254326
362336,BLU,1.552,43.40360780983378
362713,BLU,3.295,43.73099899291992
364166,BLU,0.838,43.26484308510825
364976,BLU,2.71,43.6870002746582
365069,BLU,1.622,43.37900161743164
366762,BLU,1.369,43.250999450683594
367307,BLU,1.035,44.04484567910239
367586,BLU,2.242,43.422000885009766
367943,BLU,2.154,44.424842932520356
368343,BLU,1.419,43.305999755859375
368582,BLU,0.63,43.114845373926606
370555,BLU,0.918,43.54484567910239
370646,BLU,1.405,43.684845068750825
371004,BLU,1.145,43.48483114370455
372011,BLU,1.602,44.024845221338715
372213,BLU,1.248,43.684845068750825
372362,BLU,1.819,43.35300064086914
372880,BLU,1.708,43.268001556396484
372910,BLU,0.969,43.112884135223496
373593,BLU,1.24,43.64484415322348
373875,BLU,0.834,43.44484339028403
374455,BLU,1.864,44.30484400063559
375741,BLU,2.448,44.89484415322348
375903,BLU,1.229,43.12099838256836
376219,BLU,1.377,44.494842627344575
376362,BLU,0.832,43.19484339028403
376887,BLU,2.611,43.84660404248539
377133,BLU,1.358,43.50484476357504
377949,BLU,1.511,43.98484430581137
378385,BLU,1.353,43.44829993477265
378500,BLU,0.969,44.14484415322348
379362,BLU,1.025,43.91484461098715
379763,BLU,2.412,44.684845068750825
380734,BLU,1.358,43.12300109863281
381287,BLU,1.217,43.36600112915039
381301,BLU,1.836,43.540000915527344
382018,BLU,3.371,44.56484232216879
382726,BLU,1.512,43.03300094604492
383151,BLU,1.433,44.114845373926606
383384,BLU,1.566,44.174842932520356
383801,BLU,1.76,44.184845068750825
383817,BLU,1.755,43.91484461098715
383885,BLU,1.649,44.26484308510825
384414,BLU,1.253,43.26012989555206
385450,BLU,0.769,45.114845373926606
385456,BLU,1.796,43.994842627344575
385941,BLU,3.46,45.57484445839926
386137,BLU,1.399,43.75699996948242
386478,BLU,1.674,43.40800094604492
387336,BLU,1.624,43.402000427246094
388379,BLU,1.444,44.174842932520356
389447,BLU,1.364,43.66484461098715
390586,BLU,1.31,43.25199890136719
391670,BLU,1.501,43.9748421695809
392925,BLU,1.551,45.54484567910239
393236,BLU,1.579,43.91484461098715
393604,BLU,2.532,44.66484461098715
393844,BLU,1.251,43.924842932520356
394239,BLU,0.864,43.654842474756684
395477,BLU,2.004,43.49020402422062
396633,BLU,1.217,43.569394685222385
398447,BLU,1.434,43.55484400063559
398571,BLU,1.092,43.38484201699301
399796,BLU,2.043,44.084842779932465
400613,BLU,1.842,43.22999954223633
400634,BLU,1.034,43.09700012207031
401419,BLU,1.609,43.53099822998047
402040,BLU,1.869,44.12484369545981
402948,BLU,0.971,43.39484415322348
403058,BLU,0.661,43.524845221338715
403162,BLU,1.746,44.024845221338715
403300,BLU,0.73,44.32484445839926
404105,BLU,1.519,43.468824091623816
404674,BLU,0.982,43.524845221338715
405071,BLU,0.663,43.76484308510825
405233,BLU,1.419,43.229510195889056
405548,BLU,0.434,43.32484445839926
405698,BLU,0.782,43.35484323769614
406106,BLU,0.691,43.174842932520356
407780,BLU,1.483,44.69484339028403
408538,BLU,1.315,44.39484415322348
409604,BLU,2.314,44.41484461098715
411306,BLU,1.133,43.17576752444705
411643,BLU,1.329,43.35604378437345
413217,BLU,2.051,43.85278445140192
413764,BLU,1.98,43.33000183105469
413854,BLU,1.962,43.70367847130571
414685,BLU,2.085,43.695924545612016
414773,BLU,2.084,43.68930106392304
415112,BLU,1.418,43.30427393575401
415138,BLU,1.727,44.06484232216879
415386,BLU,1.09,43.844844916162934
415424,BLU,1.005,43.29484567910239
415920,BLU,2.054,44.14484415322348
416000,BLU,0.775,43.4548455265145
416902,BLU,2.236,44.2148438480477
418204,BLU,1.608,43.66484461098715
418230,BLU,2.507,43.89663833869033
418599,BLU,0.834,43.14484415322348
418904,BLU,1.513,44.834842779932465
419128,BLU,1.519,44.28484354287192
419166,BLU,1.977,43.92499923706055
419932,BLU,1.964,43.48099899291992
420196,BLU,1.375,43.91484461098715
420643,BLU,1.778,44.024845221338715
420847,BLU,0.895,44.01484308510825
420912,BLU,0.219,43.594844916162934
421107,BLU,3.681,44.54484567910239
422500,BLU,0.916,44.4548455265145
423348,BLU,0.68,43.41484461098715
423573,BLU,1.51,43.64915213404776
424880,BLU,1.927,43.57918549764154
424992,BLU,1.111,43.63484201699301
425170,BLU,1.445,44.23484430581137
425194,BLU,2.524,44.344844916162934
425225,BLU,0.916,43.23393989627627
425530,BLU,1.82,44.4748421695809
426055,BLU,0.445,43.04484567910239
426212,BLU,1.492,43.78484354287192
426494,BLU,2.622,43.69300079345703
426654,BLU,0.937,43.87484369545981
426798,BLU,0.838,43.88484201699301
428515,BLU,0.667,43.16484461098715
429502,BLU,2.134,44.48484430581137
429677,BLU,1.423,43.30400085449219
429896,BLU,2.684,43.41899871826172
430921,BLU,1.249,43.13942685492991
431659,BLU,0.904,43.23699951171875
431959,BLU,1.427,43.27199935913086
433259,BLU,2.951,44.85484323769614
433721,BLU,0.972,43.9548455265145
433827,BLU,1.373,44.31484232216879
434455,BLU,1.238,43.26300048828125
434477,BLU,0.905,44.05484400063559
436998,BLU,1.047,43.91484461098715
437780,BLU,1.169,43.684845068750825
438119,BLU,1.553,44.55484400063559
438138,BLU,2.105,43.65086003025367
438623,BLU,1.671,43.33136036370094
438652,BLU,1.54,44.38484201699301
440129,BLU,1.937,43.474998474121094
440565,BLU,2.491,44.09511346543381
441227,BLU,2.397,43.928001403808594
441487,BLU,3.471,44.26843316212925
442022,BLU,1.113,43.524845221338715
442197,BLU,1.113,43.21964805826164
442374,BLU,3.261,44.85484323769614
442499,BLU,1.124,43.370570889783345
443133,BLU,1.121,43.934845068750825
443852,BLU,0.862,43.654842474756684
444034,BLU,0.704,43.58051251068458
444480,BLU,0.89,43.7048455265145
445280,BLU,1.474,44.00484476357504
445312,BLU,1.19,43.654842474756684
445347,BLU,2.337,43.692331625149556
445448,BLU,2.233,43.95160778836279
445878,BLU,1.02,43.056661796041624
446143,BLU,2.239,44.10111276786386
447092,BLU,0.97,44.29484567910239
447600,BLU,1.108,43.27402490384989
448318,BLU,1.541,44.35484323769614
448411,BLU,0.926,44.434845068750825
450105,BLU,3.96,45.2248421695809
451554,BLU,1.117,43.11199951171875
452058,BLU,2.017,44.66484461098715
453309,BLU,1.424,43.4088231786425
453781,BLU,1.324,43.81484232216879
453789,BLU,2.341,44.32484445839926
453882,BLU,1.26,43.7148438480477
454647,BLU,2.31,43.86675466515432
454808,BLU,1.482,44.12484369545981
454812,BLU,0.976,44.084842779932465
455625,BLU,1.148,43.274905464098694
455845,BLU,0.673,43.56484232216879
456825,BLU,0.983,43.80484400063559
456984,BLU,1.827,43.6014748879761
458021,BLU,0.988,43.30563015296735
458826,BLU,1.599,44.30484400063559
459183,BLU,2.079,43.91466446121441
459421,BLU,1.169,43.7148438480477
459501,BLU,2.372,44.64484415322348
459617,BLU,0.979,43.56484232216879
460385,BLU,2.709,45.2148438480477
460918,BLU,1.171,44.2048455265145
461168,BLU,1.591,43.994842627344575
461943,BLU,0.673,43.174842932520356
462320,BLU,0.842,43.82484445839926
462601,BLU,1.493,43.17300033569336
463633,BLU,2.622,45.094844916162934
463657,BLU,1.827,43.864845373926606
464056,BLU,0.987,43.4748421695809
464786,BLU,2.227,43.37900161743164
465153,BLU,1.248,44.23484430581137
465158,BLU,0.352,43.154842474756684
465265,BLU,1.523,43.48269649415726
465475,BLU,0.915,43.404842474756684
465515,BLU,0.822,43.29853807786699
465681,BLU,1.899,43.735364614469155
466293,BLU,2.81,44.7048455265145
466461,BLU,0.696,43.44484339028403
466580,BLU,1.033,43.94484339028403
466941,BLU,0.85,43.44484339028403
467289,BLU,1.171,43.25
468246,BLU,0.93,43.14953080990027
468467,BLU,1.757,45.14484415322348
468608,BLU,1.092,43.344844916162934
469052,BLU,1.182,43.04215142956221
469310,BLU,1.406,43.38635072224878
469444,BLU,1.283,43.88924604598195
469879,BLU,2.053,44.62484369545981
470092,BLU,1.847,43.994842627344575
470509,BLU,0.998,43.4548455265145
471165,BLU,0.796,43.424842932520356
471549,BLU,2.209,43.53900146484375
471968,BLU,1.36,43.124000549316406
472266,BLU,1.883,44.184845068750825
472279,BLU,2.686,44.7048455265145
472392,BLU,1.36,44.364845373926606
472876,BLU,1.518,44.4748421695809
473242,BLU,1.551,44.10484323769614
473519,BLU,1.377,43.51484308510825
473612,BLU,0.674,43.9748421695809
474687,BLU,1.478,44.2148438480477
474750,BLU,0.95,43.834842779932465
475006,BLU,1.79,44.334842779932465
475248,BLU,0.687,43.184845068750825
475291,BLU,1.147,43.47153388246584
475665,BLU,1.91,44.00484476357504
475972,BLU,0.622,43.63484201699301
477130,BLU,2.808,44.44484339028403
477386,BLU,1.588,43.9748421695809
478024,BLU,2.282,43.763999938964844
478302,BLU,1.391,43.87484369545981
478411,BLU,1.193,43.41736271355445
478515,BLU,1.853,43.45800018310547
478776,BLU,2.918,44.524845221338715
478944,BLU,2.575,43.96900177001953
480904,BLU,0.638,43.37484369545981
481359,BLU,0.724,43.1822725124497
481762,BLU,0.899,44.00484476357504
482216,BLU,1.231,44.2048455265145
482220,BLU,1.198,43.584842779932465
483016,BLU,1.733,43.1879997253418
483133,BLU,2.524,44.184845068750825
483395,BLU,1.092,43.153180885210915
483880,BLU,2.232,43.890612199885844
484830,BLU,0.972,43.197393037273166
484953,BLU,1.339,44.25484476357504
486067,BLU,0.971,44.364845373926606
486110,BLU,1.809,43.501463066616076
486183,BLU,1.697,43.71513109791971
486302,BLU,1.822,43.37704369282071
486971,BLU,0.125,43.85484323769614
487345,BLU,1.915,43.47800064086914
487555,BLU,1.248,43.82484445839926
487714,BLU,1.37,43.9648438480477
487826,BLU,0.368,43.4548455265145
488464,BLU,0.979,43.41160266919437
488484,BLU,0.974,43.102486266093265
489434,BLU,1.697,44.09561403094053
489491,BLU,1.961,44.4548455265145
491067,BLU,1.171,44.41484461098715
493877,BLU,1.854,44.41484461098715
493981,BLU,1.121,43.594844916162934
494175,BLU,2.584,45.00484476357504
495303,BLU,1.231,44.12484369545981
495819,BLU,2.009,44.25484476357504
495826,BLU,0.962,43.53484354287192
495949,BLU,1.178,44.07484445839926
495977,BLU,2.813,44.41484461098715
496984,BLU,2.062,44.54484567910239
497789,BLU,0.965,43.63484201699301
498062,BLU,0.893,43.51484308510825
498248,BLU,1.506,43.6809791973943
498981,BLU,0.449,43.154842474756684
500685,BLU,1.261,44.114845373926606
501080,BLU,1.225,43.864845373926606
501652,BLU,0.725,43.64484415322348
501683,BLU,2.093,43.70417818433831
503405,BLU,1.449,43.716800478501845
503825,BLU,1.001,43.404842474756684
503898,BLU,2.244,44.63484201699301
504794,BLU,2.051,43.53683309682955
505140,BLU,1.857,44.274845221338715
505243,BLU,0.678,43.57484445839926
506105,BLU,1.856,43.85484323769614
507746,BLU,0.424,43.51484308510825
507958,BLU,1.23,43.188641925091375
508074,BLU,0.34,43.62484369545981
508095,BLU,1.907,43.36199951171875
510520,BLU,1.321,44.31484232216879
510870,BLU,0.846,43.85484323769614
510949,BLU,1.882,44.174842932520356
511201,BLU,1.257,44.084842779932465
511633,BLU,1.498,44.154842474756684
511933,BLU,1.333,43.29899363318242
511953,BLU,0.889,43.10484323769614
512031,BLU,1.265,44.494842627344575
512727,BLU,1.798,45.344844916162934
513139,BLU,1.424,43.17100143432617
513787,BLU,0.659,43.69484339028403
514657,BLU,0.675,43.30484400063559
515652,BLU,2.09,43.52399826049805
515989,BLU,1.453,43.69525876738701
516335,BLU,0.843,43.864845373926606
516624,BLU,0.812,43.76484308510825
516767,BLU,1.627,44.23484430581137
516894,BLU,1.355,43.36417861534164
517100,BLU,1.22,44.29484567910239
517775,BLU,1.863,44.334842779932465
517903,BLU,2.447,44.02278618547367
518166,BLU,0.424,43.54484567910239
519096,BLU,1.797,44.06484232216879
519183,BLU,1.778,44.50484476357504
519456,BLU,2.051,44.584842779932465
519494,BLU,0.972,43.54484567910239
519821,BLU,1.438,43.774845221338715
520685,BLU,0.537,43.2148438480477
520769,BLU,1.681,43.86642639665968
521042,BLU,1.414,43.566026933145174
521162,BLU,1.237,43.08869476758578
522252,BLU,1.269,43.79484567910239
522300,BLU,1.762,43.769267364085465
522534,BLU,0.607,43.12484369545981
523113,BLU,0.7,43.80484400063559
523378,BLU,1.793,43.34000015258789
524280,BLU,2.798,44.864845373926606
524394,BLU,1.125,43.254544487225765
526232,BLU,1.216,43.47959156153749
526303,BLU,1.843,44.32484445839926
526398,BLU,2.25,44.37484369545981
526818,BLU,0.573,43.31484232216879
527892,BLU,2.682,44.54484567910239
528339,BLU,1.08,43.55484400063559
529468,BLU,2.909,45.084842779932465
530617,BLU,1.244,43.39899210730351
530939,BLU,1.551,43.98414907577788
530967,BLU,0.74,43.39484415322348
531461,BLU,0.819,43.38484201699301
531730,BLU,1.826,43.45500183105469
531775,BLU,1.77,44.244842627344575
532152,BLU,2.43,43.85539403394339
532321,BLU,0.686,43.864845373926606
532384,BLU,1.245,44.174842932520356
532685,BLU,2.613,44.38484201699301
533239,BLU,0.479,43.14484415322348
533672,BLU,1.263,43.684845068750825
534189,BLU,1.828,43.4630012512207
534215,BLU,1.435,44.594844916162934
534286,BLU,1.784,43.852663230367796
534811,BLU,1.054,43.89484415322348
534983,BLU,2.226,44.424842932520356
536192,BLU,2.048,44.62484369545981
536989,BLU,1.092,43.000263702486635
537639,BLU,1.698,44.024845221338715
539141,BLU,2.188,44.35484323769614
539307,BLU,1.813,44.16484461098715
539736,BLU,2.146,44.50484476357504
540730,BLU,0.891,43.614845373926606
540943,BLU,1.115,43.80484400063559
541230,BLU,1.701,44.01484308510825
541366,BLU,0.954,43.576051304154035
541434,BLU,2.693,44.64484415322348
541830,BLU,2.018,44.66484461098715
542389,BLU,1.774,44.32484445839926
544338,BLU,1.951,43.53300094604492
544403,BLU,4.13,44.66600036621094
545088,BLU,1.096,43.94484339028403
546656,BLU,1.253,43.89484415322348
546685,BLU,2.136,44.674842932520356
546832,BLU,1.48,43.26100158691406
546921,BLU,1.582,43.70887511492266
547078,BLU,1.058,43.434845068750825
547146,BLU,1.368,43.50560518532206
547306,BLU,0.838,43.75484476357504
547496,BLU,0.419,43.274845221338715
547611,BLU,0.955,43.62484369545981
548180,BLU,1.998,44.37484369545981
548220,BLU,0.632,43.101294443559084
548361,BLU,1.021,43.37861800085091
548369,BLU,1.222,43.290000915527344
549255,BLU,1.449,43.073001861572266
549460,BLU,1.614,44.2048455265145
549632,BLU,0.958,43.049626787888876
550062,BLU,0.895,43.364845373926606
550246,BLU,1.503,43.52135042089048
551649,BLU,1.799,43.79127435358643
551738,BLU,2.838,44.31484232216879
552225,BLU,0.587,43.2148438480477
552254,BLU,1.654,43.53395848356487
552411,BLU,1.787,44.57484445839926
553873,BLU,1.974,44.924842932520356
554257,BLU,1.866,44.2048455265145
554361,BLU,0.354,43.41484461098715
554731,BLU,3.328,44.924842932520356
555407,BLU,0.968,43.78484354287192
555440,BLU,0.825,43.7048455265145
556119,BLU,1.323,44.19484339028403
556971,BLU,0.667,43.23484430581137
557190,BLU,2.368,43.858384244381014
558222,BLU,0.959,44.07484445839926
558240,BLU,1.013,43.22608871723203
558556,BLU,0.952,43.9548455265145
558958,BLU,1.256,43.904842474756684
560030,BLU,0.876,43.37484369545981
560331,BLU,0.958,43.75484476357504
560530,BLU,1.052,43.51484308510825
561143,BLU,1.47,45.7048455265145
561709,BLU,1.845,44.774845221338715
561716,BLU,1.11,43.018001556396484
561903,BLU,0.822,43.4548455265145
561934,BLU,1.437,43.22600173950195
562802,BLU,1.919,44.03484354287192
564150,BLU,0.951,43.072053731917144
564498,BLU,1.259,44.00484476357504
564556,BLU,1.589,43.29399871826172
564716,BLU,1.814,44.04484567910239
564821,BLU,0.946,43.12805348777652
565276,BLU,1.42,43.91484461098715
565402,BLU,0.979,44.07484445839926
565763,BLU,2.028,43.682043997996495
566698,BLU,1.298,44.54484567910239
566857,BLU,1.639,44.494842627344575
567435,BLU,1.415,43.32613786920375
568511,BLU,1.924,43.62596847917971
568616,BLU,1.438,44.184845068750825
569294,BLU,0.809,43.11783056387056
570316,BLU,1.269,43.37799835205078
570617,BLU,2.732,44.12857077404482
571036,BLU,2.055,44.364845373926606
572088,BLU,0.811,44.094844916162934
572751,BLU,1.849,44.084842779932465
573007,BLU,0.787,43.334842779932465
573553,BLU,1.247,43.03645238323385
575531,BLU,1.306,43.30699920654297
575534,BLU,1.312,44.19484339028403
576066,BLU,1.388,43.430999755859375
576750,BLU,0.884,43.02657933946464
577245,BLU,0.821,43.21157617261459
577597,BLU,0.868,43.50484476357504
577761,BLU,0.906,43.199525499150226
578092,BLU,1.264,43.75484476357504
578239,BLU,0.558,43.57484445839926
579394,BLU,1.176,44.37484369545981
579765,BLU,2.431,43.75757732451311
580157,BLU,2.957,43.97228279085209
580915,BLU,1.187,44.44484339028403
581118,BLU,2.433,43.73852300676726
581456,BLU,1.241,43.000999450683594
581549,BLU,0.951,43.584842779932465
582204,BLU,1.232,43.14899826049805
583094,BLU,2.708,43.77899932861328
583448,BLU,2.029,43.52299880981445
584085,BLU,1.537,43.32099914550781
584970,BLU,0.925,44.024845221338715
585033,BLU,1.429,43.61817913640783
585941,BLU,1.122,43.311513734803846
586693,BLU,1.766,43.36399841308594
586891,BLU,1.444,43.82484445839926
589008,BLU,1.555,44.55484400063559
589540,BLU,0.582,44.28484354287192
589797,BLU,1.272,43.4741371289544
590031,BLU,2.654,43.938714938931135
590120,BLU,0.559,43.69484339028403
590258,BLU,1.512,44.54484567910239
591069,BLU,1.268,43.330145032949176
591165,BLU,1.425,43.32400131225586
592177,BLU,1.26,44.00484476357504
593532,BLU,1.17,43.744842627344575
593620,BLU,0.913,43.38484201699301
594392,BLU,1.561,44.2148438480477
594617,BLU,2.704,44.69484339028403
596188,BLU,0.819,43.424842932520356
596401,BLU,1.085,43.377918754970025
597002,BLU,0.948,43.049532335779176
597451,BLU,0.468,43.274845221338715
598015,BLU,1.269,43.275082558324165
598079,BLU,2.661,44.2048455265145
599333,BLU,0.729,43.05994434635524
600755,BLU,1.388,43.9648438480477
601457,BLU,0.954,43.184845068750825
601533,BLU,2.07,44.09566406365402
601946,BLU,1.147,43.85484323769614
601958,BLU,2.546,43.897299902852495
602526,BLU,1.693,43.57282464348625
603396,BLU,1.042,43.033822339279986
603571,BLU,1.368,43.89484415322348
603725,BLU,0.676,43.00484476357504
604416,BLU,0.621,43.57484445839926
604824,BLU,1.563,43.56330026906343
605055,BLU,0.497,43.57484445839926
605093,BLU,2.017,43.57301611540675
605241,BLU,1.211,44.114845373926606
605519,BLU,0.734,43.57484445839926
606447,BLU,1.466,43.16299819946289
607000,BLU,1.042,43.7248421695809
607093,BLU,2.364,44.78484354287192
607291,BLU,1.085,43.22050754839339
607340,BLU,1.14,43.834842779932465
607561,BLU,1.156,44.184845068750825
609216,BLU,1.265,44.12484369545981
609485,BLU,1.781,43.707100839373226
609513,BLU,2.442,44.03484354287192
609768,BLU,1.024,43.1069463785924
610703,BLU,0.891,44.37484369545981
610782,BLU,1.692,43.67392393114918
610794,BLU,1.506,44.834842779932465
611654,BLU,2.97,44.41484461098715
611879,BLU,0.772,43.35484323769614
612897,BLU,1.759,43.39500045776367
613159,BLU,1.869,44.29484567910239
613802,BLU,2.238,43.81800079345703
614326,BLU,1.697,43.327999114990234
614573,BLU,2.39,44.13867436505564
615692,BLU,0.762,43.56484232216879
616153,BLU,1.719,44.62484369545981
616226,BLU,0.673,43.32484445839926
616655,BLU,0.483,43.35484323769614
617286,BLU,1.024,43.494842627344575
617853,BLU,1.657,44.06484232216879
618121,BLU,1.207,44.05484400063559
618370,BLU,0.551,43.584842779932465
620652,BLU,1.718,44.654842474756684
621569,BLU,1.912,44.674842932520356
621774,BLU,2.29,44.114845373926606
622089,BLU,0.367,43.024845221338715
622251,BLU,2.55,43.77429880421968
622937,BLU,2.063,43.72700119018555
623908,BLU,0.894,44.05484400063559
625047,BLU,2.547,44.268511660732806
625595,BLU,0.665,43.60484323769614
625774,BLU,2.164,44.03484354287192
626120,BLU,2.53,44.21118842121664
626509,BLU,1.722,43.64044106114684
626552,BLU,1.041,43.721432332522404
627520,BLU,0.881,43.23042955736495
628179,BLU,1.514,43.2599983215332
628213,BLU,1.24,43.60484323769614
628500,BLU,1.367,43.8051042268244
629377,BLU,0.866,43.35484323769614
629822,BLU,1.152,43.604000091552734
629988,BLU,1.661,43.844844916162934
629991,BLU,1.776,43.5
630287,BLU,1.024,43.62484369545981
630399,BLU,1.886,43.44499969482422
631014,BLU,0.934,43.424842932520356
631720,BLU,1.123,44.10484323769614
632074,BLU,1.372,43.52799987792969
632105,BLU,1.587,43.2599983215332
632365,BLU,1.943,44.274845221338715
632378,BLU,1.208,44.05484400063559
632647,BLU,2.021,43.771579257589806
633412,BLU,0.848,43.62484369545981
633483,BLU,1.455,44.244842627344575
633565,BLU,0.658,43.63484201699301
634248,BLU,1.078,43.63484201699301
634754,BLU,1.941,44.7248421695809
635497,BLU,0.946,43.66484461098715
635561,BLU,0.706,44.54484567910239
635671,BLU,0.966,43.054182787062835
635695,BLU,1.242,43.00199890136719
636013,BLU,0.943,43.60484323769614
637114,BLU,0.711,43.654842474756684
637635,BLU,1.405,43.64822649485352
637637,BLU,1.839,43.558998107910156
637663,BLU,0.556,43.2148438480477
638494,BLU,1.414,44.2148438480477
638527,BLU,2.39,44.494842627344575
639085,BLU,0.905,43.524845221338715
639096,BLU,2.158,43.77799987792969
639158,BLU,0.902,43.082950638485855
639400,BLU,1.029,43.56484232216879
639552,BLU,2.09,44.31484232216879
640492,BLU,2.063,45.2248421695809
640623,BLU,0.678,43.334842779932465
641147,BLU,0.675,43.48484430581137
641491,BLU,2.464,45.28484354287192
642185,BLU,1.697,44.33881377168191
642536,BLU,1.353,43.125999450683594
642649,BLU,1.372,44.13484201699301
642834,BLU,0.942,43.26900100708008
643015,BLU,1.081,43.774845221338715
643706,BLU,1.216,43.293503723972115
644023,BLU,1.689,44.38484201699301
644171,BLU,2.649,43.861000061035156
644854,BLU,1.373,43.51484308510825
645941,BLU,1.702,44.31484232216879
645944,BLU,0.731,43.584842779932465
647123,BLU,1.125,43.594844916162934
647413,BLU,1.95,44.66484461098715
648670,BLU,0.476,43.584842779932465
649286,BLU,3.641,44.68195729337932
649850,BLU,1.704,43.37806178582521
650197,BLU,1.43,43.9648438480477
650453,BLU,1.028,44.14484415322348
650659,BLU,0.874,44.04484567910239
650697,BLU,2.123,44.10484323769614
651523,BLU,2.625,43.685001373291016
653385,BLU,2.101,44.26484308510825
656275,BLU,3.101,44.08718373310776
656926,BLU,1.831,44.69484339028403
657027,BLU,1.215,45.174842932520356
658065,BLU,1.626,44.35484323769614
658690,BLU,1.191,43.79484567910239
659751,BLU,0.934,43.16904927112098
659773,BLU,0.672,43.460533307215954
659778,BLU,0.955,43.18630271187226
660169,BLU,2.122,44.41484461098715
661030,BLU,1.307,43.44378186910324
661192,BLU,3.155,44.614845373926606
661682,BLU,1.197,43.35744227427112
662158,BLU,1.181,43.8208114052538
662355,BLU,0.985,43.904842474756684
662467,BLU,1.187,43.9648438480477
663168,BLU,0.88,43.75484476357504
663565,BLU,1.463,44.28484354287192
664330,BLU,2.897,44.55484400063559
664975,BLU,0.632,43.12484369545981
665286,BLU,1.456,44.16484461098715
665457,BLU,2.151,44.434845068750825
666869,BLU,2.147,43.85202043512497
667434,BLU,1.162,44.26484308510825
667844,BLU,1.426,43.80484400063559
668726,BLU,3.017,44.924842932520356
669348,BLU,0.829,43.244842627344575
670126,BLU,1.151,43.224998474121094
670364,BLU,1.617,43.9548455265145
670500,BLU,1.432,44.39484415322348
670725,BLU,2.215,44.14261096621532
670749,BLU,0.607,43.344844916162934
671263,BLU,2.59,44.02000045776367
671381,BLU,1.103,43.01091147138031
671978,BLU,1.477,44.184845068750825
673076,BLU,1.49,44.07484445839926
673615,BLU,1.1,43.124085996653115
673948,BLU,1.836,44.73484430581137
674574,BLU,0.378,43.41484461098715
674702,BLU,1.125,43.4748421695809
674827,BLU,0.625,43.12484369545981
674831,BLU,1.593,44.024845221338715
674969,BLU,1.104,43.075911324930765
675245,BLU,0.769,43.19484339028403
675466,BLU,1.907,43.9748421695809
675561,BLU,0.969,44.07484445839926
675643,BLU,2.105,44.404842474756684
675793,BLU,2.005,44.2048455265145
677597,BLU,0.84,43.26675387621247
678542,BLU,1.176,43.521845614691394
678855,BLU,1.254,43.18790275351738
679509,BLU,1.111,43.231521107723786
679639,BLU,1.371,43.78484354287192
679945,BLU,0.894,43.79484567910239
680127,BLU,0.743,43.38484201699301
680964,BLU,1.952,44.189998626708984
681339,BLU,1.923,44.57484445839926
681549,BLU,1.478,44.4748421695809
682463,BLU,1.581,43.04199981689453
684786,BLU,0.864,43.684845068750825
684981,BLU,0.49,43.64484415322348
685399,BLU,0.934,43.89484415322348
686187,BLU,1.008,43.82484445839926
687085,BLU,2.393,44.48484430581137
687136,BLU,0.583,43.684845068750825
687415,BLU,1.022,44.364845373926606
687903,BLU,1.745,45.424842932520356
688531,BLU,1.743,44.344844916162934
688717,BLU,1.127,43.98484430581137
688836,BLU,1.063,43.63484201699301
688939,BLU,1.987,43.29100036621094
689230,BLU,1.123,44.14484415322348
689758,BLU,1.089,43.614845373926606
690548,BLU,0.967,44.094844916162934
691252,BLU,1.021,43.994842627344575
691398,BLU,1.812,44.41484461098715
691521,BLU,1.188,44.31484232216879
691906,BLU,0.982,43.05400085449219
692020,BLU,1.64,43.422383420406405
692136,BLU,0.949,43.60484323769614
692317,BLU,2.017,44.38484201699301
692398,BLU,1.33,44.4548455265145
692485,BLU,2.665,44.66484461098715
692714,BLU,1.796,44.80484400063559
693134,BLU,1.484,43.35499954223633
693284,BLU,1.438,43.02399826049805
693350,BLU,1.53,44.89484415322348
693513,BLU,1.09,43.75484476357504
694069,BLU,1.092,43.56484232216879
694327,BLU,1.526,43.661282245332856
694934,BLU,2.975,44.0890007019043
696146,BLU,1.462,43.78484354287192
696590,BLU,0.7,43.48484430581137
696891,BLU,1.085,43.334842779932465
697034,BLU,1.538,43.13999938964844
697594,BLU,1.266,43.263901243708574
697623,BLU,2.051,43.65999984741211
697703,BLU,2.975,43.7130012512207
698328,BLU,2.62,44.364845373926606
698425,BLU,0.889,43.50484476357504
699062,BLU,0.602,43.04199981689453
699272,BLU,1.594,45.00484476357504
699371,BLU,0.786,43.494842627344575
699815,BLU,1.692,44.57484445839926
699926,BLU,1.02,43.9648438480477
700043,BLU,1.193,43.774845221338715
700757,BLU,0.728,43.94484339028403
701381,BLU,1.63,43.60816301658601
702876,BLU,1.198,43.541427282176
703280,BLU,2.962,44.27522202280596
703326,BLU,1.309,43.524845221338715
703515,BLU,3.447,43.8835767751967
703733,BLU,2.032,44.04484567910239
704055,BLU,1.082,43.18381238865088
704286,BLU,1.59,44.2148438480477
704782,BLU,1.035,43.62484369545981
704811,BLU,1.65,44.684845068750825
704900,BLU,2.846,44.05175874949567
705406,BLU,1.673,43.9648438480477
705464,BLU,0.879,43.75484476357504
705530,BLU,2.548,45.7048455265145
706363,BLU,3.748,44.73484430581137
706740,BLU,2.386,43.786284702266826
707186,BLU,0.891,43.56484232216879
707614,BLU,1.531,43.8382215909558
708170,BLU,1.255,43.79484567910239
709438,BLU,2.377,43.98864497684919
709638,BLU,0.982,43.4748421695809
710099,BLU,0.938,43.30484400063559
710279,BLU,1.28,43.81484232216879
710434,BLU,0.854,43.89484415322348
711439,BLU,0.853,44.01484308510825
711839,BLU,1.677,43.491264831637025
712337,BLU,1.797,43.89484415322348
712422,BLU,1.156,43.2482018931251
712578,BLU,1.852,44.38484201699301
712916,BLU,1.268,43.66361784826302
713028,BLU,1.258,43.312203221172545
713100,BLU,2.353,44.774845221338715
713668,BLU,2.765,44.07899856567383
713709,BLU,2.857,43.83300018310547
713765,BLU,3.108,44.78484354287192
713948,BLU,1.248,43.244847542173495
714836,BLU,0.739,43.60484323769614
715196,BLU,1.34,43.0629997253418
715706,BLU,1.314,43.614845373926606
715741,BLU,0.959,43.00299835205078
716342,BLU,2.247,44.434845068750825
716692,BLU,0.881,43.018511660732806
716954,BLU,1.514,44.44484339028403
717122,BLU,0.957,43.353518037833304
717390,BLU,1.234,43.9548455265145
717885,BLU,1.299,43.78484354287192
718980,BLU,2.133,44.31441775611294
719297,BLU,1.067,43.904842474756684
720397,BLU,0.937,43.684845068750825
721349,BLU,1.385,43.934845068750825
722793,BLU,1.766,43.640597621632885
722987,BLU,1.932,44.654842474756684
723434,BLU,1.907,43.91484461098715
724318,BLU,0.938,43.55484400063559
725114,BLU,0.742,43.114845373926606
725399,BLU,2.479,44.0351306339212
725624,BLU,0.678,43.7148438480477
727103,BLU,0.986,43.38484201699301
727201,BLU,0.928,44.00484476357504
728070,BLU,2.9,43.82500076293945
728413,BLU,1.268,43.80257221509097
728798,BLU,1.167,43.436775179536845
728847,BLU,0.979,44.29484567910239
729034,BLU,1.284,44.03484354287192
729507,BLU,0.904,43.154842474756684
729517,BLU,0.656,43.25484476357504
729584,BLU,0.483,43.16484461098715
730099,BLU,2.007,44.76484308510825
731099,BLU,1.457,44.35484323769614
732095,BLU,2.449,43.938845431585925
732481,BLU,1.65,44.57484445839926
732720,BLU,1.989,44.13484201699301
732898,BLU,0.733,43.00484476357504
733583,BLU,0.978,44.404842474756684
734261,BLU,1.122,44.184845068750825
735593,BLU,1.995,43.71096043668987
735815,BLU,1.724,43.97467671490916
736286,BLU,1.406,44.774845221338715
736295,BLU,0.899,43.9548455265145
736642,BLU,0.956,44.2048455265145
737222,BLU,1.528,44.14484415322348
739500,BLU,2.581,43.97848248970546
739711,BLU,0.528,43.244842627344575
740584,BLU,1.101,44.04484567910239
741487,BLU,1.122,44.88484201699301
741600,BLU,0.957,43.494842627344575
742528,BLU,1.954,43.388999938964844
742677,BLU,2.188,44.16558857081483
742786,BLU,0.727,43.19484339028403
743041,BLU,0.882,43.20575360247692
743261,BLU,3.191,45.32484445839926
744093,BLU,1.672,43.37099838256836
746142,BLU,1.242,43.45399856567383
746652,BLU,0.943,44.38484201699301
747029,BLU,1.548,43.520264160250306
747724,BLU,0.373,43.2048455265145
747781,BLU,1.108,43.473630388963095
747883,BLU,0.696,43.85484323769614
748043,BLU,1.86,44.082989719976986
749779,BLU,0.885,43.114845373926606
750821,BLU,1.003,44.13484201699301
751163,BLU,0.893,43.7148438480477
752242,BLU,1.423,43.07600021362305
752272,BLU,2.481,44.39484415322348
753422,BLU,0.915,43.47584980347876
754140,BLU,1.517,44.594844916162934
755135,BLU,0.728,43.404842474756684
755370,BLU,1.741,44.674842932520356
756126,BLU,1.233,43.13800048828125
756319,BLU,2.672,43.43199920654297
756383,BLU,1.964,43.57512329057596
759425,BLU,1.47,44.19484339028403
759837,BLU,0.732,43.48484430581137
761265,BLU,1.313,44.01484308510825
761769,BLU,1.433,44.37484369545981
761810,BLU,1.313,43.077999114990234
762184,BLU,0.78,43.04300114414643
763134,BLU,1.127,44.07484445839926
763207,BLU,0.817,43.73484430581137
763293,BLU,0.73,43.844844916162934
763427,BLU,1.448,43.26900100708008
763619,BLU,2.589,44.38484201699301
764321,BLU,1.32,43.64484415322348
765054,BLU,0.798,43.01973010994902
765086,BLU,0.935,43.34299850463867
765668,BLU,1.167,43.82484445839926
766102,BLU,1.236,43.52199935913086
766118,BLU,1.929,44.154842474756684
766363,BLU,1.282,43.358001708984375
766685,BLU,1.281,44.32484445839926
766933,BLU,0.965,43.274845221338715
766953,BLU,0.845,43.73484430581137
768111,BLU,0.329,43.334842779932465
768120,BLU,2.804,43.979902730321186
768174,BLU,2.741,43.99576998754417
768691,BLU,0.979,44.2148438480477
768952,BLU,1.82,43.68757863756034
768966,BLU,0.8,44.35484323769614
769059,BLU,0.89,43.26484308510825
769206,BLU,1.31,43.28684500433983
769368,BLU,1.166,43.774845221338715
769426,BLU,2.022,44.434845068750825
769512,BLU,1.302,43.99100112915039
769541,BLU,1.59,43.378114411478734
770401,BLU,0.976,43.118479863148494
770575,BLU,2.147,43.486000061035156
770600,BLU,0.958,43.994842627344575
770821,BLU,0.979,44.41484461098715
771517,BLU,2.096,44.35484323769614
772429,BLU,0.658,43.53484354287192
772845,BLU,1.428,43.994842627344575
773228,BLU,0.679,43.774845221338715
773838,BLU,0.693,43.9548455265145
774687,BLU,1.265,44.13484201699301
774953,BLU,0.926,43.76484308510825
776284,BLU,0.98,43.24363253110398
776759,BLU,0.985,43.062893801129256
776801,BLU,0.921,44.60484323769614
777374,BLU,1.122,43.361909396185
777558,BLU,2.59,44.674842932520356
778849,BLU,2.049,43.57500076293945
779775,BLU,2.735,44.63484201699301
780592,BLU,3.36,44.119998931884766
783288,BLU,2.22,44.494842627344575
783627,BLU,0.735,43.024845221338715
785922,BLU,0.795,43.274845221338715
786995,BLU,4.445,45.404842474756684
787558,BLU,1.026,43.25484476357504
788039,BLU,2.952,43.98022385386065
791433,BLU,0.703,43.584842779932465
791478,BLU,1.098,43.82484445839926
792290,BLU,1.458,44.614845373926606
792762,BLU,3.072,44.9748421695809
793979,BLU,1.551,44.03484354287192
794164,BLU,1.171,43.9648438480477
794241,BLU,1.81,43.723845278998034
794860,BLU,1.274,43.43651159729675
795034,BLU,2.714,43.973394013835666
795779,BLU,0.893,43.184845068750825
797394,BLU,2.982,43.7239990234375
797410,BLU,1.003,43.73484430581137
797617,BLU,1.244,43.32336094353492
798386,BLU,1.66,43.577999114990234
800486,BLU,0.698,43.16484461098715
800899,BLU,1.684,44.3896629353355
803184,BLU,1.256,43.04151047054726
803402,BLU,2.664,43.69102113702927
803830,BLU,0.669,43.154842474756684
804324,BLU,0.678,43.7148438480477
804330,BLU,0.876,43.744842627344575
805219,BLU,1.772,43.76643426076206
805633,BLU,0.511,43.07484445839926
806711,BLU,0.728,43.81484232216879
807334,BLU,1.101,43.321509287895346
807707,BLU,0.729,43.024845221338715
808134,BLU,1.818,44.50484476357504
808139,BLU,1.444,44.184845068750825
808481,BLU,1.028,44.13484201699301
808579,BLU,0.999,43.91484461098715
808811,BLU,1.439,44.344844916162934
809167,BLU,0.432,44.2148438480477
809443,BLU,0.948,43.80484400063559
810765,BLU,0.606,43.14484415322348
810880,BLU,2.412,45.57484445839926
811058,BLU,1.027,43.402899897211526
811456,BLU,0.978,43.36280339938998
811659,BLU,2.362,45.494842627344575
811689,BLU,1.99,43.59600067138672
811700,BLU,1.415,43.416217093472426
812706,BLU,0.643,43.78484354287192
812993,BLU,2.556,44.31484232216879
813455,BLU,1.323,43.4732744929377
814973,BLU,2.057,44.14484415322348
816596,BLU,1.801,44.73484430581137
816638,BLU,1.849,43.9548455265145
818249,BLU,1.748,44.37484369545981
818465,BLU,1.138,43.41484461098715
818800,BLU,1.607,43.1879997253418
818825,BLU,1.728,45.23484430581137
819172,BLU,1.716,44.25484476357504
820281,BLU,2.05,44.364845373926606
821643,BLU,1.966,43.578509438173214
821940,BLU,0.826,44.2048455265145
823817,BLU,1.557,43.40399932861328
823862,BLU,1.002,43.48069349209833
824019,BLU,1.776,45.04484567910239
824045,BLU,1.76,43.426998138427734
824364,BLU,1.885,44.89484415322348
824613,BLU,1.258,43.614845373926606
824618,BLU,2.554,43.83700180053711
824635,BLU,1.447,44.03484354287192
824871,BLU,1.049,43.63484201699301
825668,BLU,0.941,43.524845221338715
825687,BLU,1.715,43.334999084472656
826154,BLU,2.33,44.30484400063559
826989,BLU,1.648,43.883811940627226
827040,BLU,1.139,44.434845068750825
827195,BLU,2.566,44.53484354287192
827849,BLU,1.574,43.593869911243544
828000,BLU,1.798,44.4548455265145
828282,BLU,1.243,43.03799819946289
829342,BLU,0.753,43.2248421695809
830133,BLU,0.961,43.76484308510825
830312,BLU,2.152,44.54484567910239
830661,BLU,2.066,44.31484232216879
831978,BLU,1.0,43.88484201699301
832754,BLU,1.442,43.435001373291016
833042,BLU,2.46,44.4748421695809
833221,BLU,1.35,43.323001861572266
833950,BLU,0.745,43.66484461098715
836473,BLU,0.501,43.60484323769614
837226,BLU,1.741,43.63743269873334
837364,BLU,1.52,44.4548455265145
837613,BLU,1.455,43.4065874949638
838188,BLU,0.72,43.55484400063559
838473,BLU,1.59,43.422000885009766
840220,BLU,0.958,43.104435511982764
840278,BLU,1.739,44.594844916162934
841708,BLU,1.954,44.494842627344575
841730,BLU,1.164,44.63484201699301
841798,BLU,2.552,44.06999969482422
842326,BLU,0.626,43.38484201699301
842650,BLU,3.286,44.48484430581137
843218,BLU,2.016,44.11420614084894
843284,BLU,0.817,43.81484232216879
843441,BLU,1.013,43.37484369545981
844372,BLU,1.274,43.78484354287192
844666,BLU,2.698,43.69900131225586
846017,BLU,1.38,43.834842779932465
846068,BLU,2.16,45.51484308510825
846614,BLU,0.893,43.434845068750825
847966,BLU,0.882,43.75484476357504
848572,BLU,0.666,43.07484445839926
849175,BLU,1.782,43.66699981689453
849718,BLU,1.245,43.934845068750825
849725,BLU,1.083,43.934845068750825
849908,BLU,0.884,43.78484354287192
850159,BLU,1.689,43.565330430744346
850194,BLU,1.965,44.15343153906537
850964,BLU,1.557,44.25484476357504
851396,BLU,2.921,44.774845221338715
851889,BLU,0.957,44.23484430581137
853324,BLU,1.752,44.174842932520356
853686,BLU,0.985,43.25905665596
854839,BLU,2.945,43.872302886404526
856060,BLU,0.696,43.0165712265889
856250,BLU,1.977,44.25484476357504
856997,BLU,0.901,44.04484567910239
858490,BLU,1.451,43.489027483934336
858942,BLU,2.033,43.3380012512207
859626,BLU,1.089,44.114845373926606
859808,BLU,0.696,43.35484323769614
860450,BLU,1.93,44.05484400063559
860713,BLU,1.041,43.844844916162934
861087,BLU,0.927,43.11899948120117
861615,BLU,0.976,44.114845373926606
861654,BLU,0.98,44.094844916162934
862058,BLU,1.021,43.9648438480477
862187,BLU,2.111,44.774845221338715
863198,BLU,1.37,43.236000061035156
863637,BLU,1.101,43.594844916162934
864044,BLU,0.667,43.2248421695809
864124,BLU,1.324,43.834842779932465
865420,BLU,1.578,43.15999984741211
867448,BLU,0.828,43.46350189291743
868068,BLU,0.936,43.7048455265145
868663,BLU,1.526,43.90441119179559
868816,BLU,2.569,44.10270713335067
869891,BLU,1.447,44.334842779932465
870620,BLU,1.863,43.88321469114086
872373,BLU,2.084,44.274845221338715
872567,BLU,1.578,43.486572018933735
872825,BLU,1.911,43.6838764744577
873407,BLU,1.325,43.87484369545981
873499,BLU,0.866,43.154842474756684
874308,BLU,0.519,44.334842779932465
874405,BLU,0.346,43.23484430581137
875924,BLU,1.877,44.9748421695809
876053,BLU,1.837,44.744842627344575
876270,BLU,1.002,43.594844916162934
876386,BLU,2.141,44.41484461098715
878566,BLU,1.182,44.03484354287192
879130,BLU,2.987,44.64484415322348
879819,BLU,2.45,43.654998779296875
880457,BLU,0.677,43.41484461098715
880531,BLU,1.183,43.56484232216879
880940,BLU,0.933,43.654842474756684
881206,BLU,0.857,43.60484323769614
881532,BLU,1.744,43.844810475783476
882198,BLU,0.937,43.88484201699301
882505,BLU,1.383,43.6073325406769
882514,BLU,2.585,44.51484308510825
883418,BLU,1.336,43.05876971288597
884345,BLU,2.899,44.7048455265145
884735,BLU,1.949,43.619998931884766
885498,BLU,1.265,43.59554573895302
885972,BLU,0.693,43.174842932520356
887753,BLU,2.082,44.7148438480477
887755,BLU,1.565,44.404842474756684
887832,BLU,3.076,44.05699920654297
887855,BLU,1.101,44.2148438480477
889383,BLU,1.072,43.904842474756684
889659,BLU,1.782,44.274845221338715
890018,BLU,0.437,43.13484201699301
890192,BLU,1.749,44.07484445839926
890662,BLU,3.082,44.14781106956044
890841,BLU,1.11,43.22040235843819
890984,BLU,2.346,44.00933072404389
892998,BLU,0.437,43.06484232216879
893033,BLU,0.902,43.3658234227966
893764,BLU,1.228,43.404842474756684
895142,BLU,3.355,44.98484430581137
895293,BLU,2.079,44.03484354287192
895496,BLU,0.892,43.274845221338715
896198,BLU,1.569,44.13169475465531
896953,BLU,1.946,43.60300064086914
897299,BLU,2.005,43.672798562259686
898354,BLU,1.659,44.03484354287192
898541,BLU,1.3,44.244842627344575
899537,BLU,2.571,45.19484339028403
900353,BLU,1.174,44.614845373926606
900425,BLU,1.346,44.54484567910239
901001,BLU,1.488,43.17038451903922
903092,BLU,0.481,44.174842932520356
904265,BLU,1.062,43.49766872109125
904278,BLU,0.269,43.32484445839926
904792,BLU,1.593,44.06484232216879
905166,BLU,2.77,44.56484232216879
905416,BLU,2.224,44.121731195266314
905623,BLU,0.919,43.10159738339521
905676,BLU,1.405,43.22054458502396
906057,BLU,0.916,43.9748421695809
906149,BLU,1.289,44.614845373926606
906578,BLU,1.124,43.76484308510825
907675,BLU,0.431,43.63484201699301
908032,BLU,0.519,43.174842932520356
908790,BLU,1.951,44.55484400063559
908883,BLU,0.538,43.37484369545981
909228,BLU,1.446,44.16484461098715
909256,BLU,1.407,44.9748421695809
909560,BLU,1.407,43.30500030517578
910004,BLU,1.355,43.87484369545981
910029,BLU,1.233,43.594844916162934
910400,BLU,2.844,43.92290352377822
911580,BLU,0.959,43.0989990234375
911723,BLU,0.659,43.2148438480477
912005,BLU,1.071,43.9548455265145
912632,BLU,1.213,43.744842627344575
912859,BLU,1.258,43.45761354265928
913115,BLU,2.402,44.66484461098715
913374,BLU,1.284,43.7148438480477
913465,BLU,0.662,43.23620840925535
913755,BLU,0.96,43.86527312902729
913945,BLU,1.526,43.47742645769484
914504,BLU,1.956,43.52000045776367
914572,BLU,1.436,44.54484567910239
915041,BLU,1.827,44.54484567910239
915144,BLU,1.858,44.48484430581137
915357,BLU,1.123,43.43940031376046
916005,BLU,1.911,43.88908359831547
917401,BLU,0.91,43.26484308510825
917642,BLU,1.456,43.49399948120117
918542,BLU,0.64,43.46895339502224
918850,BLU,0.859,43.494842627344575
919136,BLU,0.828,44.2048455265145
919208,BLU,1.127,43.59242836835691
920788,BLU,2.006,44.03484354287192
920938,BLU,1.23,44.14484415322348
921233,BLU,1.465,44.184845068750825
921761,BLU,1.744,43.58078896153171
922078,BLU,2.045,43.684128894419246
922222,BLU,1.971,44.37484369545981
923300,BLU,1.03,44.44484339028403
923854,BLU,0.982,43.36563152625837
924566,BLU,3.465,45.69484339028403
925351,BLU,1.894,45.244842627344575
926105,BLU,0.58,43.35484323769614
926498,BLU,2.177,43.474998474121094
926828,BLU,2.646,44.480103463884944
927024,BLU,2.63,44.404842474756684
928600,BLU,0.849,43.364845373926606
929532,BLU,1.335,43.37512484868539
929682,BLU,2.628,44.674842932520356
930422,BLU,0.867,43.50484476357504
931078,BLU,0.899,43.05659424263791
931677,BLU,0.974,43.1870002746582
932845,BLU,1.36,43.41899871826172
933352,BLU,2.018,44.4648438480477
933658,BLU,1.288,43.75484476357504
933659,BLU,2.666,44.91484461098715
933976,BLU,0.979,44.06484232216879
934234,BLU,1.178,44.10484323769614
934343,BLU,2.074,44.9648438480477
934368,BLU,2.582,44.15148282539882
934419,BLU,1.534,43.774845221338715
934667,BLU,0.904,43.06558149118567
934843,BLU,1.399,43.36613878473109
935652,BLU,1.685,44.16949398655894
935830,BLU,0.793,44.66484461098715
936454,BLU,1.438,44.9548455265145
937194,BLU,2.052,44.494842627344575
938102,BLU,1.569,43.9548455265145
938172,BLU,0.433,43.14484415322348
940048,BLU,0.393,43.50484476357504
941454,BLU,1.126,43.62484369545981
942113,BLU,1.141,43.494842627344575
942572,BLU,1.276,43.27199935913086
943783,BLU,0.851,43.15021663534971
944031,BLU,0.922,43.242000579833984
944255,BLU,0.737,44.094844916162934
944497,BLU,0.922,43.9748421695809
944796,BLU,1.333,44.494842627344575
945309,BLU,1.063,43.45752491931624
945375,BLU,1.79,43.45800018310547
945484,BLU,1.411,43.095001220703125
946338,BLU,3.117,44.05701411487821
946957,BLU,1.004,44.01484308510825
948105,BLU,0.734,43.66484461098715
948765,BLU,2.293,43.873221438367906
948864,BLU,1.259,44.06484232216879
949168,BLU,2.636,43.66600036621094
949619,BLU,0.95,43.47999954223633
950319,BLU,1.025,43.50484476357504
950643,BLU,0.877,44.584842779932465
950772,BLU,1.221,43.30699920654297
950905,BLU,1.447,43.88484201699301
951101,BLU,0.803,43.024901545160745
951207,BLU,1.581,43.9648438480477
951915,BLU,1.641,43.94207382027863
953044,BLU,0.743,43.404842474756684
953097,BLU,2.106,43.69846270368798
953656,BLU,1.165,44.4548455265145
953879,BLU,1.717,43.9648438480477
956746,BLU,1.114,43.284283065510294
956962,BLU,1.451,43.03799819946289
958087,BLU,1.264,43.27899932861328
958853,BLU,0.76,43.524845221338715
958959,BLU,1.703,43.77299880981445
959304,BLU,1.984,43.89948279976561
959416,BLU,1.14,45.4648438480477
959558,BLU,1.258,44.834842779932465
960437,BLU,1.117,43.41751373592812
961107,BLU,2.755,44.744842627344575
961220,BLU,2.279,44.051998138427734
962101,BLU,1.5,44.16484461098715
963352,BLU,1.295,43.56749760764458
963819,BLU,0.864,43.4548455265145
963837,BLU,1.857,45.524845221338715
964436,BLU,1.381,43.9748421695809
964637,BLU,1.308,44.38484201699301
964780,BLU,1.453,43.63100051879883
964942,BLU,1.246,43.694000244140625
965224,BLU,2.387,44.4648438480477
965226,BLU,1.904,44.584842779932465
966231,BLU,2.344,44.174842932520356
966659,BLU,0.807,43.39484415322348
967393,BLU,2.553,44.08201498625636
967738,BLU,2.0,44.364845373926606
968194,BLU,1.271,43.80484400063559
969348,BLU,0.85,44.30484400063559
969735,BLU,0.665,43.2148438480477
969737,BLU,4.846,44.483660399878445
969825,BLU,1.378,43.41466759295561
970077,BLU,2.13,44.55484400063559
970405,BLU,1.896,44.12246674994834
970695,BLU,0.768,43.48484430581137
970795,BLU,0.346,43.12484369545981
971360,BLU,2.409,44.33803894740203
971458,BLU,0.297,43.014137494559
973211,BLU,0.704,43.85484323769614
973644,BLU,2.898,44.51484308510825
973983,BLU,1.599,43.704905535309656
974185,BLU,1.468,44.26484308510825
974850,BLU,1.73,44.33810018772246
975456,BLU,1.487,43.117000579833984
975463,BLU,0.576,43.084842779932465
977224,BLU,2.27,44.344844916162934
977238,BLU,1.998,45.04484567910239
977626,BLU,1.199,43.20566447299685
977680,BLU,2.269,43.87116350486726
978031,BLU,1.76,43.51966304726233
979202,BLU,0.667,43.2148438480477
979253,BLU,1.407,43.522513278164446
979356,BLU,1.529,43.994842627344575
979372,BLU,3.03,44.14400100708008
979571,BLU,0.92,43.81484232216879
980284,BLU,3.609,44.689998626708984
980641,BLU,2.147,43.73899841308594
980722,BLU,1.325,44.114845373926606
981441,BLU,2.902,44.524845221338715
982563,BLU,1.481,43.9548455265145
983135,BLU,1.921,44.35484323769614
983360,BLU,1.996,44.094844916162934
983575,BLU,2.16,43.87418127517814
983801,BLU,4.12,44.176998138427734
984339,BLU,2.329,44.29564024014018
984811,BLU,2.93,45.924842932520356
986443,BLU,2.147,44.01300048828125
986629,BLU,0.884,43.774845221338715
986752,BLU,1.317,43.9648438480477
987588,BLU,2.836,44.82484445839926
989105,BLU,2.62,44.88484201699301
990154,BLU,1.326,43.80484400063559
990363,BLU,1.328,43.24800109863281
990597,BLU,2.341,43.85499954223633
990857,BLU,1.56,43.78484354287192
992437,BLU,2.021,44.161811008525284
994707,BLU,2.335,44.23950873626892
994841,BLU,0.681,43.13490827784437
995278,BLU,1.584,44.4748421695809
995941,BLU,1.101,43.0870134437992
996455,BLU,0.905,43.305532854578004
996834,BLU,3.423,45.64484415322348
996963,BLU,1.209,44.4548455265145
997351,BLU,0.34,43.30484400063559
997373,BLU,2.798,44.04999923706055
997780,BLU,1.169,43.63199996948242
997928,BLU,1.549,43.630906581202325
998781,BLU,1.257,43.834842779932465
999077,BLU,0.341,43.78484354287192
999693,BLU,2.091,43.96102760600465
999915,BLU,1.983,44.090999603271484
1000894,BLU,0.737,43.844844916162934
1002511,BLU,1.441,43.535185918775234
1002786,BLU,1.519,44.19484339028403
1002909,BLU,1.11,43.589224572246096
1003627,BLU,1.702,43.59109853977324
1003852,BLU,0.826,43.53484354287192
1003860,BLU,0.95,43.63484201699301
1003876,BLU,3.662,44.24399948120117
1005059,BLU,1.259,43.10648959428902
1005199,BLU,1.565,43.765866981556044
1007468,BLU,0.501,43.55484400063559
1007567,BLU,1.265,43.339099638406054
1008790,BLU,1.724,44.48484430581137
1011026,BLU,0.867,43.35198525510639
1011872,BLU,0.896,44.04484567910239
1012151,BLU,2.549,44.15387388046356
1012616,BLU,0.835,43.308998107910156
1014235,BLU,1.786,44.094844916162934
1014553,BLU,1.065,43.21900177001953
1014611,BLU,1.258,43.35499954223633
1015934,BLU,0.609,43.4648438480477
1017947,BLU,1.557,43.60351132049903
1018631,BLU,2.737,44.32500076293945
1018850,BLU,1.202,43.11800003051758
1026757,BLU,0.952,43.025001525878906
1027650,BLU,0.728,43.594844916162934
1027878,BLU,2.584,44.55402009943161
1028133,BLU,1.808,43.82366017100403
1028206,BLU,1.329,43.28099822998047
1028869,BLU,2.016,44.50366873929647
1030424,BLU,3.346,44.43690421287799
1030686,BLU,1.837,43.470001220703125
1032553,BLU,1.994,43.69549096065534
1034240,BLU,2.0,43.680999755859375
1035321,BLU,1.068,43.14799880981445
1035849,BLU,1.252,44.184845068750825
1036639,BLU,1.235,43.81484232216879
1037259,BLU,0.612,43.494842627344575
1042830,BLU,0.695,43.73484430581137
1043557,BLU,1.13,43.723809489480956
1045700,BLU,0.623,43.4648438480477
1045904,BLU,2.642,44.34152792070764
1046875,BLU,0.814,43.07283998389481
1047454,BLU,0.812,44.094844916162934
1049136,BLU,1.81,44.39484415322348
1050399,BLU,1.434,43.572034824201545
1052385,BLU,0.942,43.5215891873389
1053990,BLU,1.26,44.41484461098715
1066042,BLU,1.686,44.404842474756684
1075324,BLU,0.703,43.31700134277344
1075948,BLU,1.112,43.496088485493374
1082900,BLU,1.553,44.39484415322348
1086000,BLU,1.071,43.557819650517885
1093775,BLU,1.598,44.404842474756684
1103708,BLU,0.924,43.145999908447266
